step,reward,equity,cash,position_qty,position_value,fee,slippage_cost,drawdown,peak_equity,action_target_pos,action_effective_pos,fill_price,filled_qty,signal
0,0.0,10000.0,10000.0,0.0,0.0,0.0,0.0,0.0,10000.0,0.0,0.0,100.38810218751217,0.0,hold
1,0.0,10000.0,10000.0,0.0,0.0,0.0,0.0,0.0,10000.0,0.0,0.0,100.29722098072921,0.0,hold
2,0.0,10000.0,10000.0,0.0,0.0,0.0,0.0,0.0,10000.0,0.0,0.0,100.12366404651608,0.0,hold
3,0.0,10000.0,10000.0,0.0,0.0,0.0,0.0,0.0,10000.0,0.0,0.0,100.06733699260509,0.0,hold
4,0.0,10000.0,10000.0,0.0,0.0,0.0,0.0,0.0,10000.0,0.0,0.0,100.16379097581257,0.0,hold
5,0.0,10000.0,10000.0,0.0,0.0,0.0,0.0,0.0,10000.0,0.0,0.0,100.16865083582358,0.0,hold
6,0.0,10000.0,10000.0,0.0,0.0,0.0,0.0,0.0,10000.0,0.0,0.0,100.13202136901225,0.0,hold
7,0.0,10000.0,10000.0,0.0,0.0,0.0,0.0,0.0,10000.0,0.0,0.0,100.08324532329593,0.0,hold
8,0.0,10000.0,10000.0,0.0,0.0,0.0,0.0,0.0,10000.0,0.0,0.0,100.25990005127056,0.0,hold
9,0.0,10000.0,10000.0,0.0,0.0,0.0,0.0,0.0,10000.0,0.0,0.0,99.69279751084471,0.0,hold
10,0.0,10000.0,10000.0,0.0,0.0,0.0,0.0,0.0,10000.0,0.0,0.0,99.74791681309803,0.0,hold
11,0.0,10000.0,10000.0,0.0,0.0,0.0,0.0,0.0,10000.0,0.0,0.0,99.75312860854224,0.0,hold
12,0.0,10000.0,10000.0,0.0,0.0,0.0,0.0,0.0,10000.0,0.0,0.0,99.7917960427186,0.0,hold
13,0.0,10000.0,10000.0,0.0,0.0,0.0,0.0,0.0,10000.0,0.0,0.0,99.90836449842038,0.0,hold
14,0.0,10000.0,10000.0,0.0,0.0,0.0,0.0,0.0,10000.0,0.0,0.0,99.95415328219696,0.0,hold
15,0.0,10000.0,10000.0,0.0,0.0,0.0,0.0,0.0,10000.0,0.0,0.0,99.62653212586083,0.0,hold
16,0.0,10000.0,10000.0,0.0,0.0,0.0,0.0,0.0,10000.0,0.0,0.0,99.22121806342668,0.0,hold
17,0.0,10000.0,10000.0,0.0,0.0,0.0,0.0,0.0,10000.0,0.0,0.0,98.79297821861957,0.0,hold
18,0.0,10000.0,10000.0,0.0,0.0,0.0,0.0,0.0,10000.0,0.0,0.0,99.1072663900731,0.0,hold
19,-0.0005501450240077738,9996.9995,7496.9995,25.149430409919457,2500.0,2.5005,0.4999999999999776,0.00030004999999999615,10000.0,1.0,0.0,99.42571100989035,25.149430409919457,buy
20,-0.0005501450240077738,10002.406504866585,4992.645220209918,50.228107291665665,5009.761284656667,2.5018524273627194,0.5002704313862596,0.00030004999999999615,10005.408627725334,1.0,0.25070531560044884,99.76014441111606,25.07867688174621,buy
21,-0.0005501450240078848,10002.903316476079,2488.1665511261313,75.29052488675859,7514.736765349948,2.5019766923913953,0.5002952794225196,0.0003000500000001072,10005.905588447893,1.0,0.5010301490377771,99.82982219884757,25.062417595092924,buy
22,-0.0005462572425853952,10020.508484970635,-2.9862974946622223,100.15146788600859,10023.494782465297,2.4886641844363573,0.49763331022537427,0.0002979297699527983,10023.494782465297,1.0,0.7517665639454583,100.10337035531737,24.86094299925,buy
23,-1.814088313152072e-19,10025.011420227893,-2.9862974946604055,100.15146788600858,10027.997717722554,1.8186256056651475e-15,3.637978807090427e-16,0.0,10025.011420227893,1.0,1.0002978846975312,100.10828927230999,-1.816658359547235e-14,sell
24,0.0,10024.922888398576,-2.9862974946604055,100.15146788600858,10027.909185893237,0.0,0.0,8.831095108630116e-06,10025.011420227893,1.0,1.0002978873282025,100.10740546975751,0.0,hold
25,0.0,10018.562072406576,-2.9862974946604055,100.15146788600858,10021.548369901237,0.0,0.0,0.0006433257331063258,10025.011420227893,1.0,1.000298076457787,100.04390621245217,0.0,hold
26,-1.8188732212387858e-19,10002.638887538587,-2.9862974946622267,100.15146788600859,10005.62518503325,1.8193532014265655e-15,3.637978807092961e-16,0.002231671541457092,10025.011420227893,1.0,1.000298550965224,99.92490895351467,1.820720399428068e-14,buy
27,-1.8180561664728053e-19,10007.134185278097,-2.986297494664048,100.1514678860086,10010.120482772762,1.8193532014265655e-15,3.63797880709168e-16,0.0017832633002017317,10025.011420227893,1.0,1.0002984168533542,99.9698029215609,1.819902758890183e-14,buy
28,0.0,9966.302826999297,-2.986297494664048,100.1514678860086,9969.289124493962,0.0,0.0,0.005856212104670133,10025.011420227893,1.0,1.000299639449704,99.52220848139478,0.0,hold
29,0.0,9920.862279015751,-2.986297494664048,100.1514678860086,9923.848576510416,0.0,0.0,0.010388929931989366,10025.011420227893,1.0,1.0003010118889546,99.06858098263803,0.0,hold
30,0.0,9901.44034417014,-2.986297494664048,100.1514678860086,9904.426641664804,0.0,0.0,0.012326277834299404,10025.011420227893,1.0,1.000301602331667,98.87469415433168,0.0,hold
31,0.0,9942.006618581689,-2.986297494664048,100.1514678860086,9944.992916076353,0.0,0.0,0.008279771280731096,10025.011420227893,1.0,1.000300371706561,99.27966236910443,0.0,hold
32,0.0,9977.011527434259,-2.986297494664048,100.1514678860086,9979.997824928923,0.0,0.0,0.004788013776900302,10025.011420227893,1.0,1.0002993178354513,99.62911214362629,0.0,hold
33,0.0,9973.174403668476,-2.986297494664048,100.1514678860086,9976.16070116314,0.0,0.0,0.005170768828734018,10025.011420227893,1.0,1.0002994329963353,99.59080660081192,0.0,hold
34,0.0,9967.086064011235,-2.986297494664048,100.1514678860086,9970.0723615059,0.0,0.0,0.005778083813428814,10025.011420227893,1.0,1.0002996159033328,99.53002744182606,0.0,hold
35,0.0,9948.52998714194,-2.986297494664048,100.1514678860086,9951.516284636604,0.0,0.0,0.007629061941179849,10025.011420227893,1.0,1.000300174749287,99.34478436905316,0.0,hold
36,-1.8308018328122896e-19,9937.466572402662,-2.986297494665869,100.15146788600862,9940.452869897328,1.8193532014265655e-15,3.637978807092553e-16,0.008732643201641466,10025.011420227893,1.0,1.0003005089348385,99.27404131298098,1.832657538027183e-14,buy
37,0.0,9954.381307300464,-2.986297494665869,100.15146788600862,9957.36760479513,0.0,0.0,0.0070453897723163905,10025.011420227893,1.0,1.0002999983025038,99.40319739102854,0.0,hold
38,0.0,9957.14258184502,-2.986297494665869,100.15146788600862,9960.128879339687,0.0,0.0,0.0067699512287766606,10025.011420227893,1.0,1.0002999151081868,99.43076286109024,0.0,hold
39,-1.829319496878838e-19,9941.541697708157,-2.9862974946640524,100.1514678860086,9944.527995202821,1.8186256056651475e-15,3.637978807092469e-16,0.00832614737488635,10025.011420227893,1.0,1.0003003857535853,99.27502112021243,-1.8319065411861943e-14,sell
40,0.0,9958.50921594209,-2.9862974946640524,100.1514678860086,9961.495513436754,0.0,0.0,0.006633628780872924,10025.011420227893,1.0,1.0002998739499969,99.44440580411536,0.0,hold
41,0.0,9971.354967133131,-2.9862974946640524,100.1514678860086,9974.341264627796,0.0,0.0,0.005352258550698208,10025.011420227893,1.0,1.0002994876327749,99.5726433857694,0.0,hold
42,-1.82561148418139e-19,9961.734034997184,-2.9862974946622356,100.15146788600859,9964.720332491846,1.8186256056651475e-15,3.637978807092059e-16,0.0063119514360883144,10025.011420227893,1.0,1.0002997768746056,99.47659878300362,-1.828194397390147e-14,sell
43,0.0,9982.447712909803,-2.9862974946622356,100.15146788600859,9985.434010404466,0.0,0.0,0.004245751504303286,10025.011420227893,1.0,1.0002991548346205,99.683380926233,0.0,hold
44,0.0,9979.632181730547,-2.9862974946622356,100.15146788600859,9982.61847922521,0.0,0.0,0.004526602174814709,10025.011420227893,1.0,1.000299239234501,99.65527381874432,0.0,hold
45,0.0,9999.980882317459,-2.9862974946622356,100.15146788600859,10002.967179812122,0.0,0.0,0.0024968089173373897,10025.011420227893,1.0,1.0002986303203782,99.85841243744086,0.0,hold
46,-1.8180215073549115e-19,10003.322833683716,-2.986297494660419,100.15146788600858,10006.309131178377,1.8186256056651475e-15,3.637978807090621e-16,0.002163447564799248,10025.011420227893,1.0,1.0002985305527285,99.89177473403534,-1.8205959504746905e-14,sell
47,0.0,10002.9865360645,-2.986297494660419,100.15146788600858,10005.97283355916,0.0,0.0,0.002196993423763338,10025.011420227893,1.0,1.0002985405892424,99.88841751554628,0.0,hold
48,0.0,9990.101573974234,-2.986297494660419,100.15146788600858,9993.087871468895,0.0,0.0,0.003482274961125631,10025.011420227893,1.0,1.0002989256387984,99.75978849622416,0.0,hold
49,0.0,9993.026557990564,-2.986297494660419,100.15146788600858,9996.012855485225,0.0,0.0,0.003190506314316166,10025.011420227893,1.0,1.0002988381425117,99.78898825815732,0.0,hold
50,0.0,10025.657026473287,-2.986297494660419,100.15146788600858,10028.643323967948,0.0,0.0,0.0,10025.657026473287,1.0,1.0002978655151253,100.11473428143235,0.0,hold
51,0.0,9993.400049963484,-2.986297494660419,100.15146788600858,9996.386347458145,0.0,0.0,0.003217442649856017,10025.657026473287,1.0,1.0002988269737758,99.79271678338421,0.0,hold
52,-1.8206069174574822e-19,9993.11374674624,-2.98629749466224,100.15146788600859,9996.100044240902,1.819353201426566e-15,3.6379788070929383e-16,0.0032459997026743626,10025.657026473287,1.0,1.0002988355351838,99.82978258121477,1.8224553378611868e-14,buy
53,0.0,10000.26916041288,-2.98629749466224,100.15146788600859,10003.255457907542,0.0,0.0,0.002532289504156182,10025.657026473287,1.0,1.000298621711752,99.86129028282731,0.0,hold
54,0.0,9997.57729013612,-2.98629749466224,100.15146788600859,10000.563587630782,0.0,0.0,0.002800787645440228,10025.657026473287,1.0,1.0002987021163225,99.83441766718309,0.0,hold
55,0.0,9954.808067709066,-2.98629749466224,100.15146788600859,9957.794365203728,0.0,0.0,0.007066764659626856,10025.657026473287,1.0,1.000299985441643,99.40745768861106,0.0,hold
56,0.0,9980.099406526462,-2.98629749466224,100.15146788600859,9983.085704021125,0.0,0.0,0.004544103177131165,10025.657026473287,1.0,1.000299225225423,99.65993806741501,0.0,hold
57,0.0,9959.200502840791,-2.98629749466224,100.15146788600859,9962.186800335454,0.0,0.0,0.006628645230633223,10025.657026473287,1.0,1.0002998531351799,99.45130683767891,0.0,hold
58,0.0,9953.887137594631,-2.98629749466224,100.15146788600859,9956.873435089294,0.0,0.0,0.007158621992468306,10025.657026473287,1.0,1.0003000131961899,99.39826415457858,0.0,hold
59,0.0,9966.147651726144,-2.98629749466224,100.15146788600859,9969.133949220806,0.0,0.0,0.0059357082124399385,10025.657026473287,1.0,1.0002996441151608,99.52065938539675,0.0,hold
60,0.0,9964.545864840773,-2.98629749466224,100.15146788600859,9967.532162335436,0.0,0.0,0.006095476981822445,10025.657026473287,1.0,1.0002996922825353,99.50466894050565,0.0,hold
61,0.0,9944.399846940696,-2.98629749466224,100.15146788600859,9947.386144435359,0.0,0.0,0.008104923130526687,10025.657026473287,1.0,1.0003002994188313,99.30355367857636,0.0,hold
62,-1.8301780974642632e-19,9940.853318850795,-2.9862974946640612,100.1514678860086,9943.83961634546,1.8193532014265655e-15,3.6379788070929615e-16,0.008458668334510477,10025.657026473287,1.0,1.000300406554536,99.30786431996155,1.8320333579672636e-14,buy
63,0.0,9986.21037072295,-2.9862974946640612,100.1514678860086,9989.196668217615,0.0,0.0,0.003934570636734858,10025.657026473287,1.0,1.0002990421174602,99.72094308444187,0.0,hold
64,0.0,9998.620876206236,-2.9862974946640612,100.1514678860086,10001.6071737009,0.0,0.0,0.0026966961063660255,10025.657026473287,1.0,1.0002986709398864,99.84483566079743,0.0,hold
65,0.0,9999.304251260179,-2.9862974946640612,100.1514678860086,10002.290548754843,0.0,0.0,0.002628533485987239,10025.657026473287,1.0,1.0002986505280393,99.85165771137098,0.0,hold
66,0.0,10019.038768234564,-2.9862974946640612,100.1514678860086,10022.025065729229,0.0,0.0,0.0006601321211414657,10025.657026473287,1.0,1.000298062275608,100.04866500929143,0.0,hold
67,0.0,10019.6092586492,-2.9862974946640612,100.1514678860086,10022.595556143864,0.0,0.0,0.0006032290759716563,10025.657026473287,1.0,1.0002980453047194,100.05436014615354,0.0,hold
68,0.0,10034.163525053757,-2.9862974946640612,100.1514678860086,10037.149822548421,0.0,0.0,0.0,10034.163525053757,1.0,1.0002976129985532,100.19965362869978,0.0,hold
69,2.218636217824133e-16,10048.591152512921,-2.9862974946622445,100.15146788600859,10051.577450007584,1.8186256056651475e-15,3.637978807090546e-16,0.0,10048.591152512921,1.0,1.0002971856899479,100.34368288995924,-1.8123967082806024e-14,sell
70,-1.8110496958069066e-19,10045.849131798448,-2.9862974946640657,100.1514678860086,10048.835429293113,1.8193532014265655e-15,3.637978807090773e-16,0.00027287613485871276,10048.591152512921,1.0,1.0002972668069652,100.35644417931789,1.812891256066952e-14,buy
71,0.0,10069.81085955398,-2.9862974946640657,100.1514678860086,10072.797157048644,0.0,0.0,0.0,10069.81085955398,1.0,1.0002965594425075,100.55551666082117,0.0,hold
72,0.0,10058.750204701091,-2.9862974946640657,100.1514678860086,10061.736502195756,0.0,0.0,0.001098397478081159,10069.81085955398,1.0,1.0002968855408367,100.44509948017132,0.0,hold
73,0.0,10095.513854355166,-2.9862974946640657,100.1514678860086,10098.50015184983,0.0,0.0,0.0,10095.513854355166,1.0,1.0002958044075563,100.8121065515602,0.0,hold
74,0.0,10115.603060924916,-2.9862974946640657,100.1514678860086,10118.58935841958,0.0,0.0,0.0,10115.603060924916,1.0,1.0002952169511474,101.01265467284483,0.0,hold
75,0.0,10119.445162088969,-2.9862974946640657,100.1514678860086,10122.431459583633,0.0,0.0,0.0,10119.445162088969,1.0,1.0002951048646276,101.05100990442459,0.0,hold
76,0.0,10106.297844440822,-2.9862974946640657,100.1514678860086,10109.284141935486,0.0,0.0,0.001299213290606227,10119.445162088969,1.0,1.0002954887675617,100.91976182127539,0.0,hold
77,0.0,10096.719377173646,-2.9862974946640657,100.1514678860086,10099.70567466831,0.0,0.0,0.0022457540459295267,10119.445162088969,1.0,1.0002957690892564,100.82414114016242,0.0,hold
78,-1.8052844742164885e-19,10073.900438624494,-2.986297494662249,100.15146788600859,10076.886736119157,1.818625605665147e-15,3.6379788070919207e-16,0.004500713501082165,10119.445162088969,1.0,1.0002964390518705,100.59634243443193,-1.80784466080416e-14,sell
79,0.0,10079.322112611882,-2.986297494662249,100.15146788600859,10082.308410106545,0.0,0.0,0.003964945590831492,10119.445162088969,1.0,1.0002962795971095,100.65046635060618,0.0,hold
80,-1.806738848546701e-19,10069.818351943954,-2.98629749466407,100.1514678860086,10072.804649438618,1.8193532014265655e-15,3.6379788070912654e-16,0.004904103866379406,10119.445162088969,1.0,1.000296559221854,100.59582173908387,1.808577304677162e-14,buy
81,0.0,10060.109040731186,-2.98629749466407,100.1514678860086,10063.09533822585,0.0,0.0,0.005863574574234254,10119.445162088969,1.0,1.000296845440002,100.45866457603627,0.0,hold
82,0.0,10057.953909687803,-2.98629749466407,100.1514678860086,10060.940207182468,0.0,0.0,0.006076543863445472,10119.445162088969,1.0,1.0002969090454659,100.4371501632907,0.0,hold
83,-1.8060590033119127e-19,10073.608880386933,-2.9862974946658913,100.15146788600862,10076.5951778816,1.8193532014265655e-15,3.63797880709187e-16,0.004529525183233796,10119.445162088969,1.0,1.0002964476316407,100.63367726560482,1.80789696934626e-14,buy
84,-1.808864764025143e-19,10057.983535364376,-2.9862974946677125,100.15146788600863,10060.969832859044,1.8193532014265655e-15,3.637978807092302e-16,0.006073616264540838,10119.445162088969,1.0,1.0002969081709239,100.47762892780761,1.810704751735092e-14,buy
85,0.0,10087.88549212653,-2.9862974946677125,100.15146788600863,10090.871789621198,0.0,0.0,0.0031187154490122104,10119.445162088969,1.0,1.000296028092012,100.7359535333651,0.0,hold
86,0.0,10066.180060708743,-2.9862974946677125,100.15146788600863,10069.16635820341,0.0,0.0,0.005263638522374325,10119.445162088969,1.0,1.0002966664093687,100.51927083475302,0.0,hold
87,0.0,10064.557214872151,-2.9862974946677125,100.15146788600863,10067.54351236682,0.0,0.0,0.005424007575281609,10119.445162088969,1.0,1.0002967142449402,100.50307016089698,0.0,hold
88,0.0,10076.852524533842,-2.9862974946677125,100.15146788600863,10079.83882202851,0.0,0.0,0.004208989413243103,10119.445162088969,1.0,1.0002963522079338,100.62581275128765,0.0,hold
89,0.0,10058.409849473202,-2.9862974946677125,100.15146788600863,10061.39614696787,0.0,0.0,0.006031488054742962,10119.445162088969,1.0,1.0002968955868132,100.44170175506528,0.0,hold
90,0.0,10061.077659299131,-2.9862974946677125,100.15146788600863,10064.0639567938,0.0,0.0,0.0057678560291528624,10119.445162088969,1.0,1.0002968168615525,100.4683341781367,0.0,hold
91,-1.8168617219148564e-19,10009.708409445888,-2.986297494665896,100.15146788600862,10012.694706940554,1.818625605665147e-15,3.637978807091685e-16,0.010844147172632934,10119.445162088969,1.0,1.0002983401086738,99.95552116513394,-1.819434869096068e-14,sell
92,-1.8201429499851573e-19,9995.661063002783,-2.986297494667717,100.15146788600863,9998.64736049745,1.8193532014265655e-15,3.6379788070916614e-16,0.012232300991157574,10119.445162088969,1.0,1.0002987593792791,99.85522230540029,1.821991038047264e-14,buy
93,0.0,9971.926936616172,-2.986297494667717,100.15146788600863,9974.91323411084,0.0,0.0,0.014577698985459464,10119.445162088969,1.0,1.0002994704547727,99.57835328799264,0.0,hold
94,0.0,9959.129531740127,-2.986297494667717,100.15146788600863,9962.115829234795,0.0,0.0,0.015842334019402604,10119.445162088969,1.0,1.0002998552720046,99.4505983417583,0.0,hold
95,0.0,9948.79215732103,-2.986297494667717,100.15146788600863,9951.778454815698,0.0,0.0,0.01686386971167808,10119.445162088969,1.0,1.0003001668390943,99.34740158226617,0.0,hold
96,-1.8247817345233687e-19,9970.251055268149,-2.986297494669538,100.15146788600865,9973.237352762819,1.819353201426566e-15,3.6379788070920543e-16,0.014743308988891424,10119.445162088969,1.0,1.0002995207922163,99.60145578282562,1.8266331421837297e-14,buy
97,0.0,9968.995638784196,-2.986297494669538,100.15146788600865,9971.981936278866,0.0,0.0,0.01486736880282824,10119.445162088969,1.0,1.0002995585114967,99.54909049600097,0.0,hold
98,0.0,9972.244356559298,-2.986297494669538,100.15146788600865,9975.230654053968,0.0,0.0,0.014546331658689793,10119.445162088969,1.0,1.000299460922526,99.58152205292278,0.0,hold
99,0.0,9953.443260401807,-2.986297494669538,100.15146788600865,9956.429557896477,0.0,0.0,0.016404249346501976,10119.445162088969,1.0,1.0003000265753812,99.39383298220785,0.0,hold
100,0.0,9926.922269062328,-2.986297494669538,100.15146788600865,9929.908566556998,0.0,0.0,0.019025044352026232,10119.445162088969,1.0,1.0003008281332046,99.12907713088683,0.0,hold
101,0.0,9912.533403113051,-2.986297494669538,100.15146788600865,9915.519700607721,0.0,0.0,0.020446947007636496,10119.445162088969,1.0,1.0003012648102383,98.98543482109602,0.0,hold
102,-1.83251497239224e-19,9928.176461508021,-2.9862974946713594,100.15146788600866,9931.162759002693,1.8193532014265655e-15,3.6379788070913586e-16,0.01890110549711832,10119.445162088969,1.0,1.0003007901306196,99.18126215444289,1.8343718983869237e-14,buy
103,0.0,9912.683344376443,-2.9862974946713594,100.15146788600866,9915.669641871114,0.0,0.0,0.020432129864899062,10119.445162088969,1.0,1.0003012602532457,98.98693166660715,0.0,hold
104,0.0,9872.182831910017,-2.9862974946713594,100.15146788600866,9875.169129404689,0.0,0.0,0.02443437621513911,10119.445162088969,1.0,1.000302496169846,98.58261994538485,0.0,hold
105,0.0,9881.118760025925,-2.9862974946713594,100.15146788600866,9884.105057520597,0.0,0.0,0.02355133095200701,10119.445162088969,1.0,1.0003022226093217,98.67182623580543,0.0,hold
106,0.0,9878.31290318009,-2.9862974946713594,100.15146788600866,9881.299200674763,0.0,0.0,0.0238286047353905,10119.445162088969,1.0,1.0003023084532694,98.64381570601809,0.0,hold
107,0.0,9879.835265127218,-2.9862974946713594,100.15146788600866,9882.82156262189,0.0,0.0,0.023678165464981693,10119.445162088969,1.0,1.000302261871229,98.65901326134968,0.0,hold
108,0.0,9853.565424163431,-2.9862974946713594,100.15146788600866,9856.551721658103,0.0,0.0,0.02627414187900512,10119.445162088969,1.0,1.000303067708603,98.39676461387614,0.0,hold
109,0.0,9855.266580979229,-2.9862974946713594,100.15146788600866,9858.2528784739,0.0,0.0,0.0261060341627668,10119.445162088969,1.0,1.0003030153948789,98.41374705677326,0.0,hold
110,0.0,9820.295126419536,-2.9862974946713594,100.15146788600866,9823.281423914208,0.0,0.0,0.02956190096173994,10119.445162088969,1.0,1.000304094475393,98.06463125241403,0.0,hold
111,0.0,9832.912579921232,-2.9862974946713594,100.15146788600866,9835.898877415904,0.0,0.0,0.028315048659109165,10119.445162088969,1.0,1.0003037042656893,98.19058976582647,0.0,hold
112,0.0,9842.060607062862,-2.9862974946713594,100.15146788600866,9845.046904557534,0.0,0.0,0.02741104384510007,10119.445162088969,1.0,1.0003034219777645,98.28191341518738,0.0,hold
113,-1.8512022458043241e-19,9827.954809098017,-2.9862974946731806,100.15146788600867,9830.94110659269,1.8193532014265655e-15,3.6379788070924256e-16,0.0288049738223769,10119.445162088969,1.0,1.00030385747113,98.18036123050857,1.8530724257115688e-14,buy
114,0.0,9847.447710372635,-2.9862974946731806,100.15146788600867,9850.434007867309,0.0,0.0,0.02687869219701222,10119.445162088969,1.0,1.0003032559890142,98.33569221646506,0.0,hold
115,0.0,9864.248078614757,-2.9862974946731806,100.15146788600867,9867.23437610943,0.0,0.0,0.025218485735786222,10119.445162088969,1.0,1.0003027394962976,98.50340826220084,0.0,hold
116,0.0,9850.46714360439,-2.9862974946731806,100.15146788600867,9853.453441099064,0.0,0.0,0.026580312870538192,10119.445162088969,1.0,1.0003031630328936,98.36583485350106,0.0,hold
117,0.0,9901.465137175319,-2.9862974946731806,100.15146788600867,9904.451434669993,0.0,0.0,0.021540709141868786,10119.445162088969,1.0,1.0003016015764639,98.87494165990601,0.0,hold
118,0.0,9905.655359952416,-2.9862974946731806,100.15146788600867,9908.64165744709,0.0,0.0,0.02112663280566851,10119.445162088969,1.0,1.0003014739950218,98.9167721474762,0.0,hold
119,-1.84171586544689e-19,9874.62637307444,-2.986297494671364,100.15146788600866,9877.612670569111,1.8186256056651475e-15,3.637978807091664e-16,0.024192906339539966,10119.445162088969,1.0,1.0003024213151817,98.60701352151267,-1.8443166877459337e-14,sell
120,0.0,9891.551479495667,-2.986297494671364,100.15146788600866,9894.537776990339,0.0,0.0,0.022520373295471963,10119.445162088969,1.0,1.0003019038520764,98.77597481341509,0.0,hold
121,-1.8370866655256998e-19,9903.469637922284,-2.986297494673185,100.15146788600867,9906.455935416958,1.8193532014265655e-15,3.6379788070906245e-16,0.021342625085395528,10119.445162088969,1.0,1.0003015405311324,98.93451824272528,1.8389468445815614e-14,buy
122,-1.8374819045805612e-19,9901.33941940433,-2.9862974946750063,100.15146788600869,9904.325716899006,1.8193532014265655e-15,3.6379788070919133e-16,0.02155313252763502,10119.445162088969,1.0,1.0003016054059133,98.91324402072306,1.8393423645527163e-14,buy
123,0.0,9936.390111167262,-2.9862974946750063,100.15146788600869,9939.376408661938,0.0,0.0,0.018089435536198684,10119.445162088969,1.0,1.000300541490548,99.22359345437485,0.0,hold
124,0.0,9962.705995177399,-2.9862974946750063,100.15146788600869,9965.692292672074,0.0,0.0,0.015488909164582454,10119.445162088969,1.0,1.0002997476284174,99.48630174401552,0.0,hold
125,-2.2222719489434133e-16,9964.14648790387,-2.9862974946768275,100.1514678860087,9967.132785398548,1.8193532014265655e-15,3.6379788070920933e-16,0.015346560181669022,10119.445162088969,1.0,1.000299704294623,99.54049024326211,1.8277518997348093e-14,buy
126,0.0,9970.717617334467,-2.9862974946768275,100.1514678860087,9973.703914829144,0.0,0.0,0.014697203490136812,10119.445162088969,1.0,1.0002995067766722,99.5662807997569,0.0,hold
127,0.0,9976.883197520934,-2.9862974946768275,100.1514678860087,9979.869495015611,0.0,0.0,0.014087923031800398,10119.445162088969,1.0,1.0002993216854958,99.62783104161105,0.0,hold
128,-1.8218494204959416e-19,9982.30471303212,-2.9862974946750107,100.15146788600869,9985.291010526795,1.818625605665147e-15,3.637978807092667e-16,0.013552170782112238,10119.445162088969,1.0,1.0002991591201156,99.6819533757365,-1.8244281377694364e-14,sell
129,0.0,9978.320746725867,-2.9862974946750107,100.15146788600869,9981.307044220543,0.0,0.0,0.013945864926646734,10119.445162088969,1.0,1.0002992785630442,99.64218192158742,0.0,hold
130,0.0,9977.532431040141,-2.9862974946750107,100.15146788600869,9980.518728534817,0.0,0.0,0.014023766004531812,10119.445162088969,1.0,1.0002993022087692,99.6343122613695,0.0,hold
131,0.0,9960.229656764646,-2.9862974946750107,100.15146788600869,9963.215954259322,0.0,0.0,0.015733620052688302,10119.445162088969,1.0,1.0002998221524588,99.46158075692136,0.0,hold
132,0.0,9963.978516534544,-2.9862974946750107,100.15146788600869,9966.96481402922,0.0,0.0,0.015363159053112696,10119.445162088969,1.0,1.0002997093469963,99.49900517093204,0.0,hold
133,0.0,9958.637690108822,-2.9862974946750107,100.15146788600869,9961.623987603498,0.0,0.0,0.0158909376358487,10119.445162088969,1.0,1.000299870081391,99.44568834619501,0.0,hold
134,0.0,9981.05590760199,-2.9862974946750107,100.15146788600869,9984.042205096666,0.0,0.0,0.013675577294043006,10119.445162088969,1.0,1.0002991965501766,99.66948670205316,0.0,hold
135,-1.8211040166669467e-19,9986.390612622252,-2.986297494673194,100.15146788600867,9989.376910116926,1.8186256056651475e-15,3.6379788070914035e-16,0.013148403626434657,10119.445162088969,1.0,1.0002990367201239,99.72274241753931,-1.823681902018457e-14,sell
136,0.0,9977.043506073158,-2.986297494673194,100.15146788600867,9980.029803567832,0.0,0.0,0.014072081397238811,10119.445162088969,1.0,1.000299316876072,99.62943138251362,0.0,hold
137,0.0,9974.24006183173,-2.986297494673194,100.15146788600867,9977.226359326403,0.0,0.0,0.01434911676790629,10119.445162088969,1.0,1.000299401004604,99.6014449374645,0.0,hold
138,0.0,9964.618419352271,-2.986297494673194,100.15146788600867,9967.604716846945,0.0,0.0,0.015299924082471716,10119.445162088969,1.0,1.000299690100413,99.50539324342533,0.0,hold
139,0.0,9964.193499934396,-2.986297494673194,100.15146788600867,9967.17979742907,0.0,0.0,0.01534191446940203,10119.445162088969,1.0,1.0002997028805887,99.50115132423073,0.0,hold
140,0.0,9998.588300525193,-2.986297494673194,100.15146788600867,10001.574598019866,0.0,0.0,0.011943032412147336,10119.445162088969,1.0,1.0002986719129656,99.84451046171057,0.0,hold
141,0.0,9977.826954720584,-2.986297494673194,100.15146788600867,9980.813252215257,0.0,0.0,0.013994661278361131,10119.445162088969,1.0,1.0002992933740207,99.6372524556764,0.0,hold
142,-1.8204516931013702e-19,9989.969042061686,-2.986297494671377,100.15146788600866,9992.955339556358,1.818625605665147e-15,3.63797880709158e-16,0.012794784491974465,10119.445162088969,1.0,1.0002989296044962,99.7584654461585,-1.8230288502650368e-14,sell
143,0.0,9999.302726567172,-2.986297494671377,100.15146788600866,10002.289024061844,0.0,0.0,0.011872433082783296,10119.445162088969,1.0,1.0002986505735783,99.85164249054495,0.0,hold
144,0.0,9990.748167397753,-2.986297494671377,100.15146788600866,9993.734464892425,0.0,0.0,0.01271779160119968,10119.445162088969,1.0,1.0002989062925653,99.76624336022647,0.0,hold
145,0.0,9947.285374780433,-2.986297494671377,100.15146788600866,9950.271672275105,0.0,0.0,0.017012769430631125,10119.445162088969,1.0,1.0003002123073943,99.33235955426713,0.0,hold
146,0.0,9968.758369776308,-2.986297494671377,100.15146788600866,9971.74466727098,0.0,0.0,0.014890815642461086,10119.445162088969,1.0,1.0002995656413667,99.54672186817061,0.0,hold
147,0.0,9946.972347283683,-2.986297494671377,100.15146788600866,9949.958644778355,0.0,0.0,0.017043702697399854,10119.445162088969,1.0,1.0003002217549632,99.32923463859832,0.0,hold
148,0.0,9961.024966680387,-2.986297494671377,100.15146788600866,9964.011264175058,0.0,0.0,0.015655027807461197,10119.445162088969,1.0,1.0002997982140052,99.46952023969222,0.0,hold
149,0.0,9966.95397403545,-2.986297494671377,100.15146788600866,9969.940271530122,0.0,0.0,0.015069125392843108,10119.445162088969,1.0,1.000299619874081,99.5287088035617,0.0,hold
150,0.0,9961.54810809312,-2.986297494671377,100.15146788600866,9964.534405587792,0.0,0.0,0.015603331157659328,10119.445162088969,1.0,1.0002997824697795,99.47474269719076,0.0,hold
151,-2.2222696794233385e-16,9976.546935547254,-2.9862974946731984,100.15146788600867,9979.533233041928,1.8193532014265655e-15,3.6379788070914257e-16,0.014121152321380448,10119.445162088969,1.0,1.0002993317742066,99.66433194019089,1.825480757266671e-14,buy
152,0.0,9972.033972653388,-2.9862974946731984,100.15146788600867,9975.020270148061,0.0,0.0,0.014567121722032339,10119.445162088969,1.0,1.0002994672403707,99.57942181581625,0.0,hold
153,0.0,9936.80687362353,-2.9862974946731984,100.15146788600867,9939.793171118203,0.0,0.0,0.01804825121733622,10119.445162088969,1.0,1.0003005288854512,99.22775394360752,0.0,hold
154,0.0,9946.583274454057,-2.9862974946731984,100.15146788600867,9949.56957194873,0.0,0.0,0.01708215073712871,10119.445162088969,1.0,1.0003002334985063,99.32535057156196,0.0,hold
155,0.0,9946.252049578832,-2.9862974946731984,100.15146788600867,9949.238347073506,0.0,0.0,0.017114882262416864,10119.445162088969,1.0,1.000300243496725,99.32204399366312,0.0,hold
156,-1.8256882271236335e-19,9961.315292756128,-2.9862974946713816,100.15146788600866,9964.3015902508,1.8186256056651475e-15,3.637978807092356e-16,0.01562633788710588,10119.445162088969,1.0,1.0002997894762797,99.47241852981868,-1.828271225877534e-14,sell
157,-1.822512111493194e-19,9978.67500685709,-2.986297494669565,100.15146788600865,9981.66130435176,1.8186256056651475e-15,3.6379788070918196e-16,0.013910857065489557,10119.445162088969,1.0,1.00029926793814,99.64571845766294,-1.8250915682221082e-14,sell
158,0.0,10006.721193011903,-2.986297494669565,100.15146788600865,10009.707490506573,0.0,0.0,0.01113934284651985,10119.445162088969,1.0,1.000298429169462,99.92570014449652,0.0,hold
159,0.0,9996.05626037344,-2.986297494669565,100.15146788600865,9999.04255786811,0.0,0.0,0.012193247726445255,10119.445162088969,1.0,1.0002987475677292,99.81923341088785,0.0,hold
160,0.0,9986.09349500614,-2.986297494669565,100.15146788600865,9989.07979250081,0.0,0.0,0.013177764684412896,10119.445162088969,1.0,1.0002990456174041,99.7197763282861,0.0,hold
161,0.0,10007.371279835892,-2.986297494669565,100.15146788600865,10010.357577330562,0.0,0.0,0.011075101495973794,10119.445162088969,1.0,1.0002984097832652,99.93218988269349,0.0,hold
162,-1.8163906424548045e-19,10016.310142226659,-2.986297494671386,100.15146788600866,10019.29643972133,1.8193532014265655e-15,3.6379788070929245e-16,0.010191766268835556,10119.445162088969,1.0,1.0002981434732219,100.0614420391263,1.818236040127382e-14,buy
163,0.0,9999.592324295829,-2.986297494671386,100.15146788600866,10002.5786217905,0.0,0.0,0.011843815137429714,10119.445162088969,1.0,1.000298641924373,99.85453350967052,0.0,hold
164,0.0,9995.141042761827,-2.986297494671386,100.15146788600866,9998.127340256498,0.0,0.0,0.012283689207865822,10119.445162088969,1.0,1.0002987749229246,99.81009690408065,0.0,hold
165,0.0,9994.577908210214,-2.986297494671386,100.15146788600866,9997.564205704886,0.0,0.0,0.012339337965538988,10119.445162088969,1.0,1.0002987917571005,99.80447519991012,0.0,hold
166,0.0,9952.868959791174,-2.986297494671386,100.15146788600866,9955.855257285846,0.0,0.0,0.01646100153018737,10119.445162088969,1.0,1.0003000438875198,99.38809980861959,0.0,hold
167,0.0,9972.095845187056,-2.986297494671386,100.15146788600866,9975.082142681727,0.0,0.0,0.014561007500088596,10119.445162088969,1.0,1.000299465382306,99.58003948184218,0.0,hold
168,0.0,9988.514307501862,-2.986297494671386,100.15146788600866,9991.500604996534,0.0,0.0,0.01293854084783419,10119.445162088969,1.0,1.0002989731408232,99.74394300686117,0.0,hold
169,-1.8180897905100593e-19,10006.949111771602,-2.9862974946732073,100.15146788600867,10009.935409266276,1.8193532014265655e-15,3.63797880709071e-16,0.011116819995113603,10119.445162088969,1.0,1.0002984223724252,99.96795461593841,1.8199364070378776e-14,buy
170,0.0,10033.649701353695,-2.9862974946732073,100.15146788600867,10036.63599884837,0.0,0.0,0.008478277154630343,10119.445162088969,1.0,1.0002976282393305,100.19452418880077,0.0,hold
171,0.0,10004.853999933557,-2.9862974946732073,100.15146788600867,10007.84029742823,0.0,0.0,0.01132385820763282,10119.445162088969,1.0,1.000298484864916,99.90706018165689,0.0,hold
172,0.0,9993.460671071247,-2.9862974946732073,100.15146788600867,9996.44696856592,0.0,0.0,0.012449742945364606,10119.445162088969,1.0,1.0002988251610694,99.79332195657662,0.0,hold
173,0.0,10005.386445955408,-2.9862974946732073,100.15146788600867,10008.372743450082,0.0,0.0,0.011271242079641364,10119.445162088969,1.0,1.000298468980764,99.91237552594373,0.0,hold
174,0.0,10004.254771934595,-2.9862974946732073,100.15146788600867,10007.241069429268,0.0,0.0,0.011383073707036617,10119.445162088969,1.0,1.000298502743358,99.90107816096355,0.0,hold
175,0.0,10002.964493564463,-2.9862974946732073,100.15146788600867,10005.950791059136,0.0,0.0,0.011510578560263718,10119.445162088969,1.0,1.0002985412471068,99.88819746793239,0.0,hold
176,0.0,10012.414116072356,-2.9862974946732073,100.15146788600867,10015.40041356703,0.0,0.0,0.010576770198586494,10119.445162088969,1.0,1.0002982594866787,99.9825319073851,0.0,hold
177,0.0,10015.361993728488,-2.9862974946732073,100.15146788600867,10018.348291223161,0.0,0.0,0.010285461968845278,10119.445162088969,1.0,1.0002981716982915,100.01196021375756,0.0,hold
178,0.0,10022.245302153264,-2.9862974946732073,100.15146788600867,10025.231599647937,0.0,0.0,0.009605255859268857,10119.445162088969,1.0,1.000297966913066,100.08067544987294,0.0,hold
179,0.0,9964.094272176308,-2.9862974946732073,100.15146788600867,9967.080569670981,0.0,0.0,0.015351720121441037,10119.445162088969,1.0,1.0002997058651897,99.50016074551401,0.0,hold
180,0.0,9968.720397241254,-2.9862974946732073,100.15146788600867,9971.706694735927,0.0,0.0,0.014894568074975467,10119.445162088969,1.0,1.0002995667824628,99.54634279294237,0.0,hold
181,0.0,9973.794383987464,-2.9862974946732073,100.15146788600867,9976.780681482138,0.0,0.0,0.01439315849520717,10119.445162088969,1.0,1.000299414383303,99.59699578940806,0.0,hold
182,0.0,9945.540978923013,-2.9862974946732073,100.15146788600867,9948.527276417686,0.0,0.0,0.017185150013704575,10119.445162088969,1.0,1.0003002649630626,99.31494546124321,0.0,hold
183,0.0,9954.84895384798,-2.9862974946732073,100.15146788600867,9957.835251342654,0.0,0.0,0.01626533921618778,10119.445162088969,1.0,1.0002999842095563,99.40786584999454,0.0,hold
184,0.0,9944.552985776902,-2.9862974946732073,100.15146788600867,9947.539283271575,0.0,0.0,0.017282783147763436,10119.445162088969,1.0,1.0003002947944413,99.3050824450705,0.0,hold
185,0.0,9952.663006325987,-2.9862974946732073,100.15146788600867,9955.64930382066,0.0,0.0,0.016481353778941,10119.445162088969,1.0,1.000300050096419,99.38604380006734,0.0,hold
186,0.0,9931.994256869539,-2.9862974946732073,100.15146788600867,9934.980554364212,0.0,0.0,0.018523832306704624,10119.445162088969,1.0,1.0003006745088086,99.17971017218605,0.0,hold
187,0.0,9930.89766310737,-2.9862974946732073,100.15146788600867,9933.883960602043,0.0,0.0,0.018632197315319732,10119.445162088969,1.0,1.0003007077100157,99.16876300918825,0.0,hold
188,-1.8326058717572559e-19,9923.713732955013,-2.9862974946713905,100.15146788600866,9926.700030449685,1.818625605665147e-15,3.63797880709222e-16,0.01934211075793313,10119.445162088969,1.0,1.0003009253969868,99.09704670269836,-1.835196573638785e-14,sell
189,2.2186144803018053e-16,9929.331937774457,-2.9862974946695737,100.15146788600865,9932.318235269127,1.818625605665147e-15,3.637978807091838e-16,0.018786921740209905,10119.445162088969,1.0,1.0003007551276748,99.15313256241708,-1.8341584967275935e-14,sell
190,0.0,9912.765192010138,-2.9862974946695737,100.15146788600865,9915.751489504808,0.0,0.0,0.0204240417106194,10119.445162088969,1.0,1.0003012577658026,98.98774874164255,0.0,hold
191,0.0,9922.210934338043,-2.9862974946695737,100.15146788600865,9925.197231832713,0.0,0.0,0.01949061678695929,10119.445162088969,1.0,1.0003009709745572,99.08204444572738,0.0,hold
192,-1.835889661421941e-19,9909.926721943804,-2.986297494671395,100.15146788600866,9912.913019438476,1.8193532014265655e-15,3.6379788070909e-16,0.02070453832094421,10119.445162088969,1.0,1.000301344054145,98.99900432140838,1.8377489893937582e-14,buy
193,-1.8278454485780212e-19,9949.558957952126,-2.986297494669578,100.15146788600865,9952.545255446796,1.8186256056651475e-15,3.6379788070930054e-16,0.016788094743899307,10119.445162088969,1.0,1.0003001437055945,99.35505646029395,-1.830430851188675e-14,sell
194,0.0,9945.122874432864,-2.986297494669578,100.15146788600865,9948.109171927534,0.0,0.0,0.01722646695188168,10119.445162088969,1.0,1.0003002775865493,99.31077157464848,0.0,hold
195,-1.827487857292905e-19,9951.505824827282,-2.9862974946677614,100.15146788600863,9954.49212232195,1.818625605665147e-15,3.637978807092635e-16,0.016595706046300562,10119.445162088969,1.0,1.0003000849868589,99.37449179701808,-1.830072861534592e-14,sell
196,0.0,9977.100309188929,-2.9862974946677614,100.15146788600863,9980.086606683597,0.0,0.0,0.014066468133382859,10119.445162088969,1.0,1.0002993151719561,99.62999844115336,0.0,hold
197,0.0,9977.609849895382,-2.9862974946677614,100.15146788600863,9980.59614739005,0.0,0.0,0.014016115500576243,10119.445162088969,1.0,1.000299299886405,99.63508512444481,0.0,hold
198,0.0,9981.507405196184,-2.9862974946677614,100.15146788600863,9984.493702690852,0.0,0.0,0.0136309604611079,10119.445162088969,1.0,1.0002991830164965,99.67399394796978,0.0,hold
199,0.0,9921.696273702482,-2.9862974946677614,100.15146788600863,9924.68257119715,0.0,0.0,0.019541475369353578,10119.445162088969,1.0,1.0003009865865964,99.0769066508024,0.0,hold
200,-2.2222771378364283e-16,9935.910338925562,-2.9862974946695826,100.15146788600865,9938.896636420232,1.819353201426566e-15,3.63797880709264e-16,0.018136846459823053,10119.445162088969,1.0,1.0003005560027016,99.25849940673987,1.8329444957365815e-14,buy
201,0.0,9959.11450290792,-2.9862974946695826,100.15146788600865,9962.10080040259,0.0,0.0,0.015843819163298023,10119.445162088969,1.0,1.0002998557245022,99.45044831074269,0.0,hold
202,0.0,9964.328353140825,-2.9862974946695826,100.15146788600865,9967.314650635495,0.0,0.0,0.015328588323129222,10119.445162088969,1.0,1.0002996988245303,99.50249754749268,0.0,hold
203,0.0,9945.810047643698,-2.9862974946695826,100.15146788600865,9948.796345138368,0.0,0.0,0.017158560737674633,10119.445162088969,1.0,1.0003002568398516,99.31763154176323,0.0,hold
204,0.0,9927.111085199223,-2.9862974946695826,100.15146788600865,9930.097382693893,0.0,0.0,0.01900638560800716,10119.445162088969,1.0,1.0003008224113783,99.1309620595619,0.0,hold
205,0.0,9963.577848755656,-2.9862974946695826,100.15146788600865,9966.564146250326,0.0,0.0,0.015402752901635952,10119.445162088969,1.0,1.0002997213992806,99.49500535291851,0.0,hold
206,0.0,10006.818982937295,-2.9862974946695826,100.15146788600865,10009.805280431965,0.0,0.0,0.01112967928060038,10119.445162088969,1.0,1.0002984262531143,99.9266763695032,0.0,hold
207,0.0,10004.289161959823,-2.9862974946695826,100.15146788600865,10007.275459454493,0.0,0.0,0.011379675296879,10119.445162088969,1.0,1.0002985017172459,99.90142147242915,0.0,hold
208,0.0,10000.932685672335,-2.9862974946695826,100.15146788600865,10003.918983167005,0.0,0.0,0.011711361099185913,10119.445162088969,1.0,1.0002986018992956,99.86791417530145,0.0,hold
209,-1.8252466397169972e-19,9967.711551073748,-2.986297494671404,100.15146788600866,9970.69784856842,1.8193532014265655e-15,3.6379788070927884e-16,0.01499426189724995,10119.445162088969,1.0,1.0002995971020399,99.57609407671335,1.8270983796823134e-14,buy
210,-1.8256476932777494e-19,9965.521869995177,-2.986297494673225,100.15146788600867,9968.50816748985,1.8193532014265655e-15,3.637978807091069e-16,0.015210645408746615,10119.445162088969,1.0,1.0002996629312173,99.55422600966433,1.827499719851119e-14,buy
211,0.0,9975.46750729801,-2.986297494673225,100.15146788600867,9978.453804792684,0.0,0.0,0.01422782104006548,10119.445162088969,1.0,1.0002993641643851,99.61369837721024,0.0,hold
212,0.0,9992.54760871863,-2.986297494673225,100.15146788600867,9995.533906213304,0.0,0.0,0.012539971444851639,10119.445162088969,1.0,1.0002988524660186,99.7842069654595,0.0,hold
213,0.0,10007.13255936677,-2.986297494673225,100.15146788600867,10010.118856861443,0.0,0.0,0.01109869176849354,10119.445162088969,1.0,1.0002984169018405,99.92980676510106,0.0,hold
214,0.0,10018.283615198201,-2.986297494673225,100.15146788600867,10021.269912692875,0.0,0.0,0.009996748366180697,10119.445162088969,1.0,1.000298084742794,100.04112640779421,0.0,hold
215,0.0,10022.874284929123,-2.986297494673225,100.15146788600867,10025.860582423797,0.0,0.0,0.009543100003311933,10119.445162088969,1.0,1.0002979482142327,100.08695450890801,0.0,hold
216,0.0,10051.023475765447,-2.986297494673225,100.15146788600867,10054.00977326012,0.0,0.0,0.00676140689806326,10119.445162088969,1.0,1.0002971137717342,100.36796447902836,0.0,hold
217,0.0,10053.031900956654,-2.986297494673225,100.15146788600867,10056.018198451327,0.0,0.0,0.006562935029394978,10119.445162088969,1.0,1.0002970544134442,100.38801434498194,0.0,hold
218,0.0,10043.2841316868,-2.986297494673225,100.15146788600867,10046.270429181473,0.0,0.0,0.00752620614888011,10119.445162088969,1.0,1.000297342727291,100.29070354243741,0.0,hold
219,0.0,10057.021058833567,-2.986297494673225,100.15146788600867,10060.00735632824,0.0,0.0,0.00616872785567979,10119.445162088969,1.0,1.0002969365856156,100.4278376259535,0.0,hold
220,-2.222252172663083e-16,10073.249638224836,-2.9862974946750462,100.15146788600869,10076.235935719511,1.8193532014265655e-15,3.6379788070919177e-16,0.004565025366924047,10119.445162088969,1.0,1.0002964582038494,100.6300895597218,1.8079614252423165e-14,buy
221,0.0,10098.716660296019,-2.9862974946750462,100.15146788600869,10101.702957790694,0.0,0.0,0.0020483832325715046,10119.445162088969,1.0,1.0002957105932495,100.84407977618946,0.0,hold
222,-1.8046178316696204e-19,10077.621830781574,-2.9862974946732295,100.15146788600867,10080.608128276248,1.8186256056651475e-15,3.6379788070914824e-16,0.00413296684131248,10119.445162088969,1.0,1.0002963295849774,100.63349264258352,-1.8071772706173447e-14,sell
223,0.0,10090.482475906963,-2.9862974946732295,100.15146788600867,10093.468773401637,0.0,0.0,0.0028620824282451496,10119.445162088969,1.0,1.0002959519033707,100.76187890858411,0.0,hold
224,0.0,10105.816822723262,-2.9862974946732295,100.15146788600867,10108.803120217935,0.0,0.0,0.0013467476869940542,10119.445162088969,1.0,1.0002955028323846,100.91495983960336,0.0,hold
225,0.0,10110.186360405052,-2.9862974946732295,100.15146788600867,10113.172657899726,0.0,0.0,0.0009149515151881671,10119.445162088969,1.0,1.0002953751185408,100.95858040619584,0.0,hold
226,0.0,10085.206077178764,-2.9862974946732295,100.15146788600867,10088.192374673437,0.0,0.0,0.0033834942886470376,10119.445162088969,1.0,1.0002961067400924,100.70920525776495,0.0,hold
227,0.0,10094.830086300115,-2.9862974946732295,100.15146788600867,10097.816383794789,0.0,0.0,0.002432453103364818,10119.445162088969,1.0,1.0002958244437146,100.80528057770412,0.0,hold
228,0.0,10072.730535499197,-2.9862974946732295,100.15146788600867,10075.71683299387,0.0,0.0,0.004616322915092397,10119.445162088969,1.0,1.000296473481957,100.58466343292193,0.0,hold
229,0.0,10084.050596852707,-2.9862974946732295,100.15146788600867,10087.03689434738,0.0,0.0,0.0034976784467257716,10119.445162088969,1.0,1.0002961406694653,100.69767023731666,0.0,hold
230,-1.8053437550194115e-19,10073.569649042229,-2.9862974946714127,100.15146788600866,10076.5559465369,1.8186256056651475e-15,3.637978807090684e-16,0.0045334020108735995,10119.445162088969,1.0,1.0002964487861516,100.59304020201012,-1.8079040080834602e-14,sell
231,0.0,10061.20779039365,-2.9862974946714127,100.15146788600866,10064.194087888322,0.0,0.0,0.005754996520312861,10119.445162088969,1.0,1.0002968130225403,100.46963326112615,0.0,hold
232,0.0,10042.52053248679,-2.9862974946714127,100.15146788600866,10045.506829981461,0.0,0.0,0.007601664752368675,10119.445162088969,1.0,1.0002973653362233,100.28308062390926,0.0,hold
233,0.0,10032.026975957915,-2.9862974946714127,100.15146788600866,10035.013273452587,0.0,0.0,0.008638634305619175,10119.445162088969,1.0,1.0002976763820342,100.1783247172908,0.0,hold
234,-1.812894225181479e-19,10035.62798179491,-2.986297494673234,100.15146788600867,10038.614279289584,1.8193532014265655e-15,3.6379788070904983e-16,0.008282784179518776,10119.445162088969,1.0,1.000297569569148,100.25436685135328,1.814737111775004e-14,buy
235,0.0,10088.758013469123,-2.986297494673234,100.15146788600867,10091.744310963797,0.0,0.0,0.003032493197829722,10119.445162088969,1.0,1.0002960024901664,100.7446638084788,0.0,hold
236,0.0,10096.777165502026,-2.986297494673234,100.15146788600867,10099.7634629967,0.0,0.0,0.002240043423711091,10119.445162088969,1.0,1.0002957673964399,100.82471803406061,0.0,hold
237,0.0,10111.032686258293,-2.986297494673234,100.15146788600867,10114.018983752967,0.0,0.0,0.0008313178930196008,10119.445162088969,1.0,1.0002953503946963,100.96702917490518,0.0,hold
238,0.0,10126.444749740378,-2.986297494673234,100.15146788600867,10129.431047235052,0.0,0.0,0.0,10126.444749740378,1.0,1.000294900882637,101.12088594200645,0.0,hold
239,-1.7996222124380867e-19,10105.596569633997,-2.986297494671417,100.15146788600866,10108.582867128669,1.8186256056651475e-15,3.6379788070921795e-16,0.0020587857457984304,10126.444749740378,1.0,1.0002955092729158,100.91276107963215,-1.8021760441477127e-14,sell
240,-2.222245776906286e-16,10109.047307180435,-2.9862974946732384,100.15146788600867,10112.033604675109,1.8193532014265655e-15,3.637978807092667e-16,0.0017180207851712481,10126.444749740378,1.0,1.000295408400409,100.98759633665834,1.80156105048927e-14,buy
241,0.0,10106.12320752,-2.9862974946732384,100.15146788600867,10109.109505014674,0.0,0.0,0.0020067795482613393,10126.444749740378,1.0,1.0002954938736994,100.91801844200077,0.0,hold
242,0.0,10126.36451497625,-2.9862974946732384,100.15146788600867,10129.350812470924,0.0,0.0,7.923290563538465e-06,10126.444749740378,1.0,1.000294903219241,101.120084968053,0.0,hold
243,0.0,10136.265063411354,-2.9862974946732384,100.15146788600867,10139.251360906028,0.0,0.0,0.0,10136.265063411354,1.0,1.0002946151739316,101.21892094653995,0.0,hold
244,0.0,10150.383137431923,-2.9862974946732384,100.15146788600867,10153.369434926597,0.0,0.0,0.0,10150.383137431923,1.0,1.0002942053964112,101.35985997323331,0.0,hold
245,0.0,10147.578470173105,-2.9862974946732384,100.15146788600867,10150.564767667778,0.0,0.0,0.0002763114673450806,10150.383137431923,1.0,1.0002942867112041,101.3318613189494,0.0,hold
246,0.0,10168.786363112742,-2.9862974946732384,100.15146788600867,10171.772660607416,0.0,0.0,0.0,10168.786363112742,1.0,1.0002936729505407,101.54357715106464,0.0,hold
247,0.0,10162.61951831149,-2.9862974946732384,100.15146788600867,10165.605815806164,0.0,0.0,0.0006064484571749462,10168.786363112742,1.0,1.000293851156121,101.48201428471396,0.0,hold
248,0.0,10122.496955876639,-2.9862974946732384,100.15146788600867,10125.483253371312,0.0,0.0,0.004552107359047097,10168.786363112742,1.0,1.0002950158945654,101.08147559297932,0.0,hold
249,0.0,10140.533806674957,-2.9862974946732384,100.15146788600867,10143.520104169631,0.0,0.0,0.002778360703915572,10168.786363112742,1.0,1.0002944911531884,101.26153529463724,0.0,hold
250,0.0,10119.649957847038,-2.9862974946732384,100.15146788600867,10122.636255341711,0.0,0.0,0.004832081578972525,10168.786363112742,1.0,1.000295098892463,101.05305435572662,0.0,hold
251,0.0,10072.985509246413,-2.9862974946732384,100.15146788600867,10075.971806741087,0.0,0.0,0.009421070562938172,10168.786363112742,1.0,1.0002964659774336,100.58720880502527,0.0,hold
252,0.0,10071.152950160173,-2.9862974946732384,100.15146788600867,10074.139247654846,0.0,0.0,0.0096012847026401,10168.786363112742,1.0,1.000296519922739,100.56891458914312,0.0,hold
253,0.0,10076.940490106632,-2.9862974946732384,100.15146788600867,10079.926787601305,0.0,0.0,0.009032137142666374,10168.786363112742,1.0,1.0002963496209594,100.62669090096966,0.0,hold
254,0.0,10068.155808624962,-2.9862974946732384,100.15146788600867,10071.142106119636,0.0,0.0,0.009896024057779118,10168.786363112742,1.0,1.000296608192348,100.53899448741966,0.0,hold
255,0.0,10091.63803430456,-2.9862974946732384,100.15146788600867,10094.624331799234,0.0,0.0,0.007586778407307038,10168.786363112742,1.0,1.0002959180149469,100.77341470841117,0.0,hold
256,0.0,10069.682183833347,-2.9862974946732384,100.15146788600867,10072.66848132802,0.0,0.0,0.009745920087267712,10168.786363112742,1.0,1.0002965632321017,100.55423210665334,0.0,hold
257,0.0,10078.018899838982,-2.9862974946732384,100.15146788600867,10081.005197333656,0.0,0.0,0.008926086165308655,10168.786363112742,1.0,1.0002963179097353,100.63745653499544,0.0,hold
258,0.0,10060.021968848068,-2.9862974946732384,100.15146788600867,10063.008266342742,0.0,0.0,0.010695907100498836,10168.786363112742,1.0,1.0002968480092709,100.45779534795028,0.0,hold
259,0.0,10061.342136825822,-2.9862974946732384,100.15146788600867,10064.328434320496,0.0,0.0,0.01056608158046013,10168.786363112742,1.0,1.0002968090592748,100.47097442532196,0.0,hold
260,0.0,10070.370370487379,-2.9862974946732384,100.15146788600867,10073.356667982052,0.0,0.0,0.009678243706876088,10168.786363112742,1.0,1.0002965429656316,100.56110219084906,0.0,hold
261,0.0,10068.311685649993,-2.9862974946732384,100.15146788600867,10071.297983144666,0.0,0.0,0.0098806950873922,10168.786363112742,1.0,1.000296603600277,100.54055058892185,0.0,hold
262,0.0,10034.417915544238,-2.9862974946732384,100.15146788600867,10037.404213038912,0.0,0.0,0.013213813602764413,10168.786363112742,1.0,1.0002976054535309,100.20219317822165,0.0,hold
263,0.0,10014.71590308924,-2.9862974946732384,100.15146788600867,10017.702200583914,0.0,0.0,0.01515131250887447,10168.786363112742,1.0,1.0002981909345778,100.00551036898987,0.0,hold
264,0.0,9987.60263621031,-2.9862974946732384,100.15146788600867,9990.588933704983,0.0,0.0,0.017817635304019808,10168.786363112742,1.0,1.0002990004311791,99.73484190253855,0.0,hold
265,0.0,9994.755351083675,-2.9862974946732384,100.15146788600867,9997.741648578349,0.0,0.0,0.017114236233771618,10168.786363112742,1.0,1.0002987864524717,99.80624659067084,0.0,hold
266,2.21862567581796e-16,9990.398526716766,-2.9862974946714216,100.15146788600866,9993.384824211438,1.818625605665147e-15,3.6379788070916757e-16,0.017542687005705715,10168.786363112742,1.0,1.0002989167535896,99.76275293956435,-1.8229505021446824e-14,sell
267,-1.825923828112978e-19,9960.029973126682,-2.986297494669605,100.15146788600865,9963.016270621352,1.818625605665147e-15,3.6379788070910174e-16,0.02052913519191668,10168.786363112742,1.0,1.000299828163442,99.45958733929653,-1.8285070894785498e-14,sell
268,0.0,9982.084095859458,-2.986297494669605,100.15146788600865,9985.070393354128,0.0,0.0,0.01836032940278365,10168.786363112742,1.0,1.0002991657319245,99.67975098116472,0.0,hold
269,-1.8226551346113717e-19,9981.88393886422,-2.986297494671426,100.15146788600866,9984.870236358893,1.8193532014265655e-15,3.6379788070924073e-16,0.018380012872185936,10168.786363112742,1.0,1.0002991717308036,99.71763191502207,1.8245050213155807e-14,buy
270,0.0,9963.131633214274,-2.986297494671426,100.15146788600866,9966.117930708946,0.0,0.0,0.020224117466414726,10168.786363112742,1.0,1.0002997348228058,99.49055083709672,0.0,hold
271,0.0,9984.427033125445,-2.986297494671426,100.15146788600866,9987.413330620117,0.0,0.0,0.018129924595137625,10168.786363112742,1.0,1.0002990955299451,99.70314024073303,0.0,hold
272,0.0,9977.226620774101,-2.986297494671426,100.15146788600866,9980.212918268773,0.0,0.0,0.01883801424263598,10168.786363112742,1.0,1.0002993113826295,99.63125939444262,0.0,hold
273,0.0,9991.544697919437,-2.986297494671426,100.15146788600866,9994.530995414108,0.0,0.0,0.017429972355034296,10168.786363112742,1.0,1.0002988824636188,99.77419502815896,0.0,hold
274,0.0,9993.390807933873,-2.986297494671426,100.15146788600866,9996.377105428544,0.0,0.0,0.017248425614989515,10168.786363112742,1.0,1.0002988272501363,99.79262452131958,0.0,hold
275,0.0,9962.85302143043,-2.986297494671426,100.15146788600866,9965.839318925102,0.0,0.0,0.020251516191679975,10168.786363112742,1.0,1.000299743204908,99.48776948933052,0.0,hold
276,0.0,9921.650170418061,-2.986297494671426,100.15146788600866,9924.636467912733,0.0,0.0,0.024303410836829742,10168.786363112742,1.0,1.0003009879852018,99.07644640728589,0.0,hold
277,0.0,9931.281485507228,-2.986297494671426,100.15146788600866,9934.2677830019,0.0,0.0,0.023356265843784696,10168.786363112742,1.0,1.0003006960883174,99.1725946618188,0.0,hold
278,0.0,9943.984122075262,-2.986297494671426,100.15146788600866,9946.970419569934,0.0,0.0,0.022107086628641248,10168.786363112742,1.0,1.0003003119733511,99.29940354748761,0.0,hold
279,0.0,9963.92018837405,-2.986297494671426,100.15146788600866,9966.906485868722,0.0,0.0,0.020146570831878652,10168.786363112742,1.0,1.0002997111014755,99.49842288795514,0.0,hold
280,0.0,9946.853450136286,-2.986297494671426,100.15146788600866,9949.839747630958,0.0,0.0,0.021824916470024047,10168.786363112742,1.0,1.0003002253435864,99.3280477027453,0.0,hold
281,0.0,9966.425132163953,-2.986297494671426,100.15146788600866,9969.411429658625,0.0,0.0,0.01990023427799148,10168.786363112742,1.0,1.0002996357726137,99.52342943907225,0.0,hold
282,-2.222270700068927e-16,9970.966405556606,-2.9862974946732472,100.15146788600867,9973.95270305128,1.8193532014265655e-15,3.6379788070925774e-16,0.01945364476076783,10168.786363112742,1.0,1.000299499303599,99.60859989537455,1.8265021326848803e-14,buy
283,0.0,9961.067367838992,-2.9862974946732472,100.15146788600867,9964.053665333666,0.0,0.0,0.020427117637877634,10168.786363112742,1.0,1.0002997969378578,99.46994352533414,0.0,hold
284,0.0,9958.228082227992,-2.9862974946732472,100.15146788600867,9961.214379722665,0.0,0.0,0.020706333417383038,10168.786363112742,1.0,1.000299882415829,99.44159928022422,0.0,hold
285,0.0,9936.71735488294,-2.9862974946732472,100.15146788600867,9939.703652377613,0.0,0.0,0.022821701621309698,10168.786363112742,1.0,1.0003005315928812,99.2268602888391,0.0,hold
286,0.0,9965.717141907933,-2.9862974946732472,100.15146788600867,9968.703439402607,0.0,0.0,0.019969858147619535,10168.786363112742,1.0,1.0002996570595122,99.51636165791128,0.0,hold
287,0.0,9940.463200168328,-2.9862974946732472,100.15146788600867,9943.449497663001,0.0,0.0,0.022453334625325283,10168.786363112742,1.0,1.0003004183441495,99.26425460961522,0.0,hold
288,0.0,9978.988916009188,-2.9862974946732472,100.15146788600867,9981.975213503862,0.0,0.0,0.018664709860760187,10168.786363112742,1.0,1.0002992585240658,99.64885217479055,0.0,hold
289,0.0,9967.464211723602,-2.9862974946732472,100.15146788600867,9970.450509218275,0.0,0.0,0.01979805103580856,10168.786363112742,1.0,1.0002996045364438,99.53380244473722,0.0,hold
290,0.0,9998.192335502916,-2.9862974946732472,100.15146788600867,10001.17863299759,0.0,0.0,0.016776242662414065,10168.786363112742,1.0,1.000298683741467,99.84055759074792,0.0,hold
291,0.0,10015.715795134722,-2.9862974946732472,100.15146788600867,10018.702092629395,0.0,0.0,0.015052982972804219,10168.786363112742,1.0,1.000298161165488,100.01549217043696,0.0,hold
292,0.0,10020.426292529573,-2.9862974946732472,100.15146788600867,10023.412590024247,0.0,0.0,0.014589751941425866,10168.786363112742,1.0,1.0002980210030485,100.06251649663788,0.0,hold
293,0.0,10061.579444090521,-2.9862974946732472,100.15146788600867,10064.565741585195,0.0,0.0,0.010542744747899735,10168.786363112742,1.0,1.0002968020588883,100.47334343506544,0.0,hold
294,-1.806511951405976e-19,10071.083116890512,-2.9862974946750684,100.15146788600869,10074.069414385187,1.8193532014265655e-15,3.6379788070910086e-16,0.009608152117016489,10168.786363112742,1.0,1.0002965219788194,100.60845278609948,1.8083502439846047e-14,buy
295,-1.803803199783716e-19,10082.173076770287,-2.9862974946732517,100.15146788600867,10085.15937426496,1.8186256056651475e-15,3.637978807091489e-16,0.008517563773061898,10168.786363112742,1.0,1.000296195817304,100.67892718124344,-1.806361724923067e-14,sell
296,0.0,10066.406857370263,-2.9862974946732517,100.15146788600867,10069.393154864936,0.0,0.0,0.010068016190590945,10168.786363112742,1.0,1.0002966597254597,100.52153491841524,0.0,hold
297,0.0,10066.276436674176,-2.9862974946732517,100.15146788600867,10069.26273416885,0.0,0.0,0.010080841781711647,10168.786363112742,1.0,1.0002966635690427,100.52023294436833,0.0,hold
298,-1.8121653858450778e-19,10035.649173472415,-2.986297494671435,100.15146788600866,10038.635470967087,1.8186256056651475e-15,3.637978807090953e-16,0.01309273151054502,10168.786363112742,1.0,1.0002975689407883,100.21448467731373,-1.814733280843625e-14,sell
299,0.0,10038.38182820958,-2.986297494671435,100.15146788600866,10041.368125704252,0.0,0.0,0.012824001827416165,10168.786363112742,1.0,1.0002974879363804,100.24176443929711,0.0,hold
300,0.0,10064.812516882963,-2.986297494671435,100.15146788600866,10067.798814377635,0.0,0.0,0.010224803876984212,10168.786363112742,1.0,1.0002967067185466,100.50561881001613,0.0,hold
301,0.0,10056.562131013916,-2.986297494671435,100.15146788600866,10059.548428508588,0.0,0.0,0.01103614808016018,10168.786363112742,1.0,1.0002969501362162,100.42325620499409,0.0,hold
302,0.0,10077.917420816882,-2.986297494671435,100.15146788600866,10080.903718311554,0.0,0.0,0.008936065627800582,10168.786363112742,1.0,1.0002963208934916,100.63644348218216,0.0,hold
303,0.0,10086.49127023329,-2.986297494671435,100.15146788600866,10089.477567727961,0.0,0.0,0.008092911970102756,10168.786363112742,1.0,1.0002960690109834,100.72203518470499,0.0,hold
304,0.0,10094.194319322272,-2.986297494671435,100.15146788600866,10097.180616816944,0.0,0.0,0.007335392949256225,10168.786363112742,1.0,1.0002958430757525,100.79893379280058,0.0,hold
305,0.0,10106.03122491319,-2.986297494671435,100.15146788600866,10109.017522407861,0.0,0.0,0.00617134985028267,10168.786363112742,1.0,1.0002954965632116,100.91710019075362,0.0,hold
306,0.0,10103.996198725787,-2.986297494671435,100.15146788600866,10106.982496220458,0.0,0.0,0.006371474635555541,10168.786363112742,1.0,1.0002955560785987,100.89678477026992,0.0,hold
307,-1.8061407337728584e-19,10073.153035124276,-2.986297494673256,100.15146788600867,10076.13933261895,1.8193532014265655e-15,3.6379788070914015e-16,0.009404596042589253,10168.786363112742,1.0,1.0002964610469294,100.62912479681597,1.807978758734203e-14,buy
308,0.0,10061.72890016995,-2.986297494673256,100.15146788600867,10064.715197664624,0.0,0.0,0.010528047214281466,10168.786363112742,1.0,1.0002967976502153,100.47483543704372,0.0,hold
309,0.0,10040.882372503705,-2.986297494673256,100.15146788600867,10043.86866999838,0.0,0.0,0.01257809792061404,10168.786363112742,1.0,1.0002974138510825,100.2667270707796,0.0,hold
310,2.2186373966792736e-16,10055.140687524394,-2.9862974946714393,100.15146788600866,10058.126985019066,1.8186256056651475e-15,3.63797880709093e-16,0.011175933049453968,10168.786363112742,1.0,1.0002969921145288,100.40906610642817,-1.8112165327157836e-14,sell
311,-1.8098363901834608e-19,10048.563591324384,-2.9862974946696226,100.15146788600865,10051.549888819054,1.8186256056651475e-15,3.6379788070907004e-16,0.011822725691677971,10168.786363112742,1.0,1.0002971865050692,100.34340774994503,-1.8124016778433e-14,sell
312,0.0,10071.511207877655,-2.9862974946696226,100.15146788600865,10074.497505372325,0.0,0.0,0.009566053584128098,10168.786363112742,1.0,1.0002965093751108,100.57249103263912,0.0,hold
313,0.0,10065.529701436702,-2.9862974946696226,100.15146788600865,10068.515998931372,0.0,0.0,0.010154275838717863,10168.786363112742,1.0,1.000296685577734,100.51277837674006,0.0,hold
314,0.0,10064.767449031402,-2.9862974946696226,100.15146788600865,10067.753746526072,0.0,0.0,0.010229235856372032,10168.786363112742,1.0,1.000296708047135,100.50516890310072,0.0,hold
315,0.0,10046.797406656784,-2.9862974946696226,100.15146788600865,10049.783704151454,0.0,0.0,0.011996412560939751,10168.786363112742,1.0,1.0002972387492048,100.32577614186239,0.0,hold
316,-1.8085634004391018e-19,10055.636452797855,-2.986297494667806,100.15146788600863,10058.622750292523,1.8186256056651475e-15,3.637978807091159e-16,0.011127179416939859,10168.786363112742,1.0,1.0002969774721557,100.41401527123692,-1.8111272622180297e-14,sell
317,0.0,10018.759633067746,-2.986297494667806,100.15146788600863,10021.745930562414,0.0,0.0,0.014753651486790753,10168.786363112742,1.0,1.000298070579996,100.04587843665625,0.0,hold
318,0.0,10047.57559436661,-2.986297494667806,100.15146788600863,10050.561891861278,0.0,0.0,0.011919885463011037,10168.786363112742,1.0,1.0002972157279755,100.33354469572092,0.0,hold
319,0.0,10046.736964945925,-2.986297494667806,100.15146788600863,10049.723262440593,0.0,0.0,0.012002356407992854,10168.786363112742,1.0,1.000297240537409,100.32517275956762,0.0,hold
320,0.0,10050.133071534588,-2.986297494667806,100.15146788600863,10053.119369029257,0.0,0.0,0.011668382768721397,10168.786363112742,1.0,1.0002971400949034,100.35907568120238,0.0,hold
321,0.0,10081.411499665375,-2.986297494667806,100.15146788600863,10084.397797160043,0.0,0.0,0.008592457381572993,10168.786363112742,1.0,1.0002962181927368,100.67132444904624,0.0,hold
322,0.0,10053.387088171141,-2.986297494667806,100.15146788600863,10056.37338566581,0.0,0.0,0.011348382276985536,10168.786363112742,1.0,1.0002970439184802,100.39156013601765,0.0,hold
323,-1.8056874433961483e-19,10075.681747028792,-2.986297494669627,100.15146788600865,10078.668044523462,1.8193532014265655e-15,3.637978807092309e-16,0.009155922128690541,10168.786363112742,1.0,1.0002963866435688,100.65437872169878,1.807525141511161e-14,buy
324,0.0,10101.11223467414,-2.986297494669627,100.15146788600865,10104.09853216881,0.0,0.0,0.006655084099720154,10168.786363112742,1.0,1.0002956404626828,100.86799450568667,0.0,hold
325,0.0,10098.814515864286,-2.986297494669627,100.15146788600865,10101.800813358956,0.0,0.0,0.0068810421175017344,10168.786363112742,1.0,1.0002957077278702,100.84505665650101,0.0,hold
326,0.0,10123.894096363783,-2.986297494669627,100.15146788600865,10126.880393858453,0.0,0.0,0.004414712350709338,10168.786363112742,1.0,1.0002949751811157,101.09542307760967,0.0,hold
327,0.0,10104.887082369953,-2.986297494669627,100.15146788600865,10107.873379864623,0.0,0.0,0.006283865002276401,10168.786363112742,1.0,1.0002955300212983,100.90567835402099,0.0,hold
328,-1.79742415463717e-19,10122.00262655212,-2.9862974946714482,100.15146788600866,10124.988924046791,1.8193532014265655e-15,3.6379788070917033e-16,0.004600719780123441,10168.786363112742,1.0,1.000295030302288,101.11697946712134,1.7992558826563216e-14,buy
329,0.0,10124.953181253637,-2.9862974946714482,100.15146788600866,10127.939478748309,0.0,0.0,0.00431056178130651,10168.786363112742,1.0,1.000294944326281,101.1059957940683,0.0,hold
330,0.0,10130.286609758445,-2.9862974946714482,100.15146788600866,10133.272907253117,0.0,0.0,0.003786071609681474,10168.786363112742,1.0,1.000294789042967,101.15923876625496,0.0,hold
331,0.0,10183.104871965057,-2.9862974946714482,100.15146788600866,10186.091169459729,0.0,0.0,0.0,10183.104871965057,1.0,1.0002932600157044,101.68651709445955,0.0,hold
332,-1.7888669760820536e-19,10170.421980796373,-2.9862974946732694,100.15146788600867,10173.408278291046,1.8193532014265655e-15,3.6379788070913917e-16,0.0012454837034627797,10183.104871965057,1.0,1.0002936257217558,101.6005374132737,1.7906924980387698e-14,buy
333,0.0,10152.15708886222,-2.9862974946732694,100.15146788600867,10155.143386356893,0.0,0.0,0.0030391303528690683,10183.104871965057,1.0,1.000294153988018,101.37756911596928,0.0,hold
334,0.0,10167.275364815143,-2.9862974946732694,100.15146788600867,10170.261662309817,0.0,0.0,0.0015544872952741873,10183.104871965057,1.0,1.000293716594419,101.52849303767293,0.0,hold
335,0.0,10180.166539716582,-2.9862974946732694,100.15146788600867,10183.152837211255,0.0,0.0,0.0002885497385541891,10183.104871965057,1.0,1.0002933446602296,101.65718407873813,0.0,hold
336,0.0,10154.235333346529,-2.9862974946732694,100.15146788600867,10157.221630841203,0.0,0.0,0.0028350428461174637,10183.104871965057,1.0,1.0002940937841835,101.39831597948782,0.0,hold
337,-1.7910858477998063e-19,10153.760122102305,-2.9862974946714527,100.15146788600866,10156.746419596977,1.818625605665147e-15,3.637978807092202e-16,0.002881709481706407,10183.104871965057,1.0,1.0002941075482148,101.39357200306885,-1.793630079044955e-14,sell
338,-1.7925219630569367e-19,10149.684293540657,-2.986297494673274,100.15146788600867,10152.67059103533,1.8193532014265655e-15,3.637978807091817e-16,0.003281963491941431,10183.104871965057,1.0,1.0002942256535579,101.39343276237857,1.7943501387218306e-14,buy
339,0.0,10143.132601069989,-2.986297494673274,100.15146788600867,10146.118898564662,0.0,0.0,0.003925351982293268,10183.104871965057,1.0,1.00029441570096,101.28747874500294,0.0,hold
340,0.0,10147.948619152643,-2.986297494673274,100.15146788600867,10150.934916647317,0.0,0.0,0.0034524099726402913,10183.104871965057,1.0,1.0002942759770224,101.3355564714774,0.0,hold
341,0.0,10167.719233700129,-2.986297494673274,100.15146788600867,10170.705531194802,0.0,0.0,0.0015108985381547813,10183.104871965057,1.0,1.0002937037723048,101.53292412710752,0.0,hold
342,0.0,10151.702443258457,-2.986297494673274,100.15146788600867,10154.68874075313,0.0,0.0,0.0030837774039874644,10183.104871965057,1.0,1.000294167161751,101.37303044385357,0.0,hold
343,0.0,10137.101362074398,-2.986297494673274,100.15146788600867,10140.087659569072,0.0,0.0,0.004517630965120589,10183.104871965057,1.0,1.0002945908685343,101.22726961502141,0.0,hold
344,0.0,10117.366233294364,-2.986297494673274,100.15146788600867,10120.352530789038,0.0,0.0,0.006455657630677791,10183.104871965057,1.0,1.0002951655031371,101.03025620951908,0.0,hold
345,0.0,10116.433676400891,-2.986297494673274,100.15146788600867,10119.419973895565,0.0,0.0,0.006547236466916573,10183.104871965057,1.0,1.0002951927121946,101.02094660675665,0.0,hold
346,0.0,10128.805025160424,-2.986297494673274,100.15146788600867,10131.791322655097,0.0,0.0,0.005332346812427113,10183.104871965057,1.0,1.0002948321630494,101.14444828627131,0.0,hold
347,0.0,10122.164502505857,-2.986297494673274,100.15146788600867,10125.15080000053,0.0,0.0,0.005984458593466302,10183.104871965057,1.0,1.0002950255840966,101.07815675115779,0.0,hold
348,0.0,10127.117730468672,-2.986297494673274,100.15146788600867,10130.104027963345,0.0,0.0,0.005498042316201879,10183.104871965057,1.0,1.0002948812854904,101.12760422728324,0.0,hold
349,0.0,10134.450912511522,-2.986297494673274,100.15146788600867,10137.437210006196,0.0,0.0,0.004777910083935577,10183.104871965057,1.0,1.000294667912495,101.20081049735795,0.0,hold
350,-1.799159212417265e-19,10112.241256193049,-2.986297494675095,100.15146788600869,10115.227553687724,1.819353201426566e-15,3.637978807092968e-16,0.0069589399955117814,10183.104871965057,1.0,1.0002953150957357,101.01949390011744,1.8009921958483013e-14,buy
351,-1.7984623151608145e-19,10116.159710935523,-2.9862974946769163,100.1514678860087,10119.1460084302,1.8193532014265655e-15,3.6379788070909834e-16,0.0065741403895230865,10183.104871965057,1.0,1.000295200706593,101.05862701035684,1.800294794466297e-14,buy
352,0.0,10099.087914191956,-2.9862974946769163,100.1514678860087,10102.074211686633,0.0,0.0,0.008250622853193557,10183.104871965057,1.0,1.0002956997225938,100.84778595896434,0.0,hold
353,0.0,10117.327119687767,-2.9862974946769163,100.1514678860087,10120.313417182444,0.0,0.0,0.006459498660215335,10183.104871965057,1.0,1.000295166644248,101.02986574311156,0.0,hold
354,0.0,10150.266453507218,-2.9862974946769163,100.1514678860087,10153.252751001895,0.0,0.0,0.003224794291203481,10183.104871965057,1.0,1.0002942087784943,101.35869513171494,0.0,hold
355,0.0,10154.870433263244,-2.9862974946769163,100.1514678860087,10157.856730757921,0.0,0.0,0.0027726748429690584,10183.104871965057,1.0,1.0002940753911438,101.40465610520076,0.0,hold
356,0.0,10138.652769359831,-2.9862974946769163,100.1514678860087,10141.639066854508,0.0,0.0,0.004365279859545268,10183.104871965057,1.0,1.000294545790512,101.242757126455,0.0,hold
357,0.0,10156.969261492743,-2.9862974946769163,100.1514678860087,10159.95555898742,0.0,0.0,0.0025665659738286495,10183.104871965057,1.0,1.0002940146236337,101.42560845375985,0.0,hold
358,0.0,10169.082945659275,-2.9862974946769163,100.1514678860087,10172.069243153952,0.0,0.0,0.0013769794657016998,10183.104871965057,1.0,1.0002936643855336,101.5465378987829,0.0,hold
359,0.0,10202.540824912196,-2.9862974946769163,100.1514678860087,10205.527122406873,0.0,0.0,0.0,10202.540824912196,1.0,1.0002927013521363,101.88054386377928,0.0,hold
360,0.0,10165.619905096493,-2.9862974946769163,100.1514678860087,10168.60620259117,0.0,0.0,0.003618796577177119,10202.540824912196,1.0,1.000293764425835,101.51196678337388,0.0,hold
361,-1.796605352291141e-19,10126.615726188365,-2.9862974946787375,100.15146788600872,10129.602023683045,1.8193532014265655e-15,3.637978807090509e-16,0.007441783377963973,10202.540824912196,1.0,1.0002948959035698,101.16304990776058,1.7984364875173622e-14,buy
362,0.0,10135.320149542575,-2.9862974946787375,100.15146788600872,10138.306447037254,0.0,0.0,0.00658862106245961,10202.540824912196,1.0,1.0002946426408459,101.20948798558645,0.0,hold
363,0.0,10156.310600769157,-2.9862974946787375,100.15146788600872,10159.296898263836,0.0,0.0,0.004531246180378479,10202.540824912196,1.0,1.0002940336911765,101.4190331233594,0.0,hold
364,0.0,10163.174861681058,-2.9862974946787375,100.15146788600872,10166.161159175737,0.0,0.0,0.0038584470189048092,10202.540824912196,1.0,1.0002938350992994,101.48755821045579,0.0,hold
365,0.0,10186.55466254587,-2.9862974946787375,100.15146788600872,10189.54096004055,0.0,0.0,0.0015668805095384597,10202.540824912196,1.0,1.0002931606999232,101.72095593689993,0.0,hold
366,0.0,10172.67979349223,-2.9862974946787375,100.15146788600872,10175.66609098691,0.0,0.0,0.002926823026971004,10202.540824912196,1.0,1.0002935605519196,101.58244479599865,0.0,hold
367,0.0,10181.46837435845,-2.9862974946787375,100.15146788600872,10184.45467185313,0.0,0.0,0.00206541202974575,10202.540824912196,1.0,1.000293307152257,101.67018013663338,0.0,hold
368,0.0,10176.625726813832,-2.9862974946787375,100.15146788600872,10179.612024308512,0.0,0.0,0.0025400631610397184,10202.540824912196,1.0,1.0002934467253533,101.62183657145847,0.0,hold
369,0.0,10158.49163578898,-2.9862974946787375,100.15146788600872,10161.477933283659,0.0,0.0,0.004317472468785222,10202.540824912196,1.0,1.0002939705619442,101.44080613237111,0.0,hold
370,0.0,10148.64589753598,-2.9862974946787375,100.15146788600872,10151.63219503066,0.0,0.0,0.00528250053600543,10202.540824912196,1.0,1.0002942557583376,101.34251731730798,0.0,hold
371,0.0,10157.55632184964,-2.9862974946787375,100.15146788600872,10160.54261934432,0.0,0.0,0.004409147077629294,10202.540824912196,1.0,1.0002939976309317,101.431469006353,0.0,hold
372,0.0,10168.29791019461,-2.9862974946787375,100.15146788600872,10171.284207689288,0.0,0.0,0.003356312442678311,10202.540824912196,1.0,1.0002936870576624,101.5387009846154,0.0,hold
373,0.0,10208.476858176404,-2.9862974946787375,100.15146788600872,10211.463155671083,0.0,0.0,0.0,10208.476858176404,1.0,1.0002925311519208,101.93980256645062,0.0,hold
374,0.0,10211.208238980906,-2.9862974946787375,100.15146788600872,10214.194536475585,0.0,0.0,0.0,10211.208238980906,1.0,1.000292452903201,101.9670696109182,0.0,hold
375,0.0,10200.504037540028,-2.9862974946787375,100.15146788600872,10203.490335034707,0.0,0.0,0.0010482796149445806,10211.208238980906,1.0,1.0002927597973286,101.86021086160092,0.0,hold
376,0.0,10187.169224600031,-2.9862974946787375,100.15146788600872,10190.15552209471,0.0,0.0,0.0023541792330810107,10211.208238980906,1.0,1.0002931430143978,101.72709103561311,0.0,hold
377,0.0,10179.794359168658,-2.9862974946787375,100.15146788600872,10182.780656663337,0.0,0.0,0.0030764116328885205,10211.208238980906,1.0,1.0002933553851203,101.65346864530846,0.0,hold
378,0.0,10211.825894500036,-2.9862974946787375,100.15146788600872,10214.812191994715,0.0,0.0,0.0,10211.825894500036,1.0,1.000292435214381,101.9732355913183,0.0,hold
379,2.2186651981283935e-16,10212.114776361615,-2.9862974946769207,100.1514678860087,10215.101073856293,1.8186256056651475e-15,3.637978807090487e-16,0.0,10212.114776361615,1.0,1.0002924269419289,101.97611946402934,-1.7833838110565115e-14,sell
380,0.0,10240.981378196637,-2.9862974946769207,100.1514678860087,10243.967675691314,0.0,0.0,0.0,10240.981378196637,1.0,1.0002916026681814,102.26429126144626,0.0,hold
381,0.0,10243.466427026462,-2.9862974946769207,100.1514678860087,10246.45272452114,0.0,0.0,0.0,10243.466427026462,1.0,1.000291531925833,102.28909920358134,0.0,hold
382,0.0,10241.864135268339,-2.9862974946769207,100.1514678860087,10244.850432763016,0.0,0.0,0.00015642085318845478,10243.466427026462,1.0,1.0002915775346397,102.27310371860658,0.0,hold
383,0.0,10256.123717470966,-2.9862974946769207,100.1514678860087,10259.110014965643,0.0,0.0,0.0,10256.123717470966,1.0,1.0002911721403662,102.4154554043793,0.0,hold
384,0.0,10275.391637223775,-2.9862974946769207,100.1514678860087,10278.377934718452,0.0,0.0,0.0,10275.391637223775,1.0,1.0002906261483853,102.60780471862785,0.0,hold
385,-1.76583918448594e-19,10303.051474963188,-2.986297494678742,100.15146788600872,10306.037772457867,1.8193532014265655e-15,3.637978807091652e-16,0.0,10303.051474963188,1.0,1.0002898459259313,102.92509134009819,1.7676478861843584e-14,buy
386,0.0,10275.375547007972,-2.986297494678742,100.15146788600872,10278.361844502651,0.0,0.0,0.002686187487509817,10303.051474963188,1.0,1.0002906266034772,102.60764409194809,0.0,hold
387,0.0,10262.140732719961,-2.986297494678742,100.15146788600872,10265.12703021464,0.0,0.0,0.003970740352277291,10303.051474963188,1.0,1.0002910014170003,102.47552254041761,0.0,hold
388,0.0,10257.24094314117,-2.986297494678742,100.15146788600872,10260.22724063585,0.0,0.0,0.004446307187083165,10303.051474963188,1.0,1.0002911404256987,102.42660853322154,0.0,hold
389,0.0,10265.43452260417,-2.986297494678742,100.15146788600872,10268.420820098849,0.0,0.0,0.003651049638102699,10303.051474963188,1.0,1.0002909080456461,102.5084040467574,0.0,hold
390,0.0,10268.116958316275,-2.986297494678742,100.15146788600872,10271.103255810955,0.0,0.0,0.0033906961186987994,10303.051474963188,1.0,1.0002908320490311,102.53518247828289,0.0,hold
391,0.0,10266.80652692309,-2.986297494678742,100.15146788600872,10269.79282441777,0.0,0.0,0.0035178847866744745,10303.051474963188,1.0,1.00029086917016,102.52210060005821,0.0,hold
392,0.0,10292.547645156808,-2.986297494678742,100.15146788600872,10295.533942651487,0.0,0.0,0.0010194872685925782,10303.051474963188,1.0,1.0002901417217227,102.77907107241678,0.0,hold
393,-2.222215236971193e-16,10283.550919752179,-2.986297494680563,100.15146788600873,10286.53721724686,1.8193532014265655e-15,3.6379788070906827e-16,0.001892697057604309,10303.051474963188,1.0,1.0002903955567473,102.73034176993463,1.770998879280496e-14,buy
394,0.0,10267.748243714965,-2.986297494680563,100.15146788600873,10270.734541209646,0.0,0.0,0.0034264830505807975,10303.051474963188,1.0,1.0002908424928034,102.53150164497939,0.0,hold
395,-1.7682634591142523e-19,10284.811328828353,-2.9862974946787464,100.15146788600872,10287.797626323032,1.8186256056651475e-15,3.637978807090713e-16,0.00177036348689108,10303.051474963188,1.0,1.000290359968618,102.70184036149008,-1.770781905430269e-14,sell
396,0.0,10251.822359874363,-2.9862974946787464,100.15146788600872,10254.808657369042,0.0,0.0,0.0049722274234301755,10303.051474963188,1.0,1.0002912943074753,102.3725154713373,0.0,hold
397,0.0,10241.471448353635,-2.9862974946787464,100.15146788600872,10244.457745848315,0.0,0.0,0.0059768726536205685,10303.051474963188,1.0,1.0002915887145454,102.26918357259567,0.0,hold
398,0.0,10246.682076299434,-2.9862974946787464,100.15146788600872,10249.668373794113,0.0,0.0,0.005471136274601163,10303.051474963188,1.0,1.0002914404362742,102.3212006416429,0.0,hold
399,0.0,10272.355289467117,-2.9862974946787464,100.15146788600872,10275.341586961797,0.0,0.0,0.002979329528796648,10303.051474963188,1.0,1.000290712052935,102.57749322593399,0.0,hold
400,0.0,10235.017829107968,-2.9862974946787464,100.15146788600872,10238.004126602647,0.0,0.0,0.006603252057950315,10303.051474963188,1.0,1.0002917725737797,102.20475787162478,0.0,hold
401,0.0,10183.227639529277,-2.9862974946787464,100.15146788600872,10186.213937023957,0.0,0.0,0.011629936599374169,10303.051474963188,1.0,1.0002932564802034,101.68774266821599,0.0,hold
402,0.0,10187.175647307347,-2.9862974946787464,100.15146788600872,10190.161944802026,0.0,0.0,0.011246748396571915,10303.051474963188,1.0,1.0002931428295798,101.72715515272401,0.0,hold
403,0.0,10154.901592447772,-2.9862974946787464,100.15146788600872,10157.88788994245,0.0,0.0,0.014379223754770631,10303.051474963188,1.0,1.0002940744888065,101.40496716357411,0.0,hold
404,0.0,10122.007018587481,-2.9862974946787464,100.15146788600872,10124.99331608216,0.0,0.0,0.017571925833395174,10303.051474963188,1.0,1.0002950301742723,101.07658460823353,0.0,hold
405,0.0,10138.547772714797,-2.9862974946787464,100.15146788600872,10141.534070209476,0.0,0.0,0.015966502996528797,10303.051474963188,1.0,1.0002945488408819,101.24170895763712,0.0,hold
406,0.0,10183.933519119539,-2.9862974946787464,100.15146788600872,10186.919816614218,0.0,0.0,0.011561424897576167,10303.051474963188,1.0,1.0002932361536996,101.69478937885577,0.0,hold
407,0.0,10186.115586468086,-2.9862974946787464,100.15146788600872,10189.101883962765,0.0,0.0,0.011349636443073186,10303.051474963188,1.0,1.000293173336718,101.7165726934804,0.0,hold
408,0.0,10200.803327811107,-2.9862974946787464,100.15146788600872,10203.789625305786,0.0,0.0,0.009924064477455752,10303.051474963188,1.0,1.0002927512077933,101.86319864020608,0.0,hold
409,0.0,10239.030848333869,-2.9862974946787464,100.15146788600872,10242.017145828548,0.0,0.0,0.0062137539334722325,10303.051474963188,1.0,1.0002916582183328,102.2448193575595,0.0,hold
410,0.0,10254.132998156038,-2.9862974946787464,100.15146788600872,10257.119295650717,0.0,0.0,0.004747960051060929,10303.051474963188,1.0,1.0002912286680128,102.39558229404875,0.0,hold
411,0.0,10260.530620946107,-2.9862974946787464,100.15146788600872,10263.516918440786,0.0,0.0,0.004127015585664862,10303.051474963188,1.0,1.000291047081774,102.45944898917091,0.0,hold
412,0.0,10248.899295062509,-2.9862974946787464,100.15146788600872,10251.885592557188,0.0,0.0,0.005255936072169565,10303.051474963188,1.0,1.0002913773868496,102.34333486859049,0.0,hold
413,0.0,10256.804730901542,-2.9862974946787464,100.15146788600872,10259.791028396221,0.0,0.0,0.004488645346868991,10303.051474963188,1.0,1.0002911528076266,102.42225387915218,0.0,hold
414,0.0,10209.882138477178,-2.9862974946787464,100.15146788600872,10212.868435971857,0.0,0.0,0.00904288760591121,10303.051474963188,1.0,1.0002924908881587,101.9538313098567,0.0,hold
415,2.218666287452215e-16,10218.365219485331,-2.9862974946769296,100.1514678860087,10221.351516980008,1.818625605665147e-15,3.6379788070920094e-16,0.00821953143528853,10303.051474963188,1.0,1.000292248068114,102.03851688232982,-1.7822932567339987e-14,sell
416,0.0,10234.33288324729,-2.9862974946769296,100.1514678860087,10237.319180741968,0.0,0.0,0.006669731960758041,10303.051474963188,1.0,1.0002917921010333,102.19792013987747,0.0,hold
417,0.0,10238.870327345445,-2.9862974946769296,100.1514678860087,10241.856624840122,0.0,0.0,0.006229333879744781,10303.051474963188,1.0,1.0002916627908356,102.24321689593198,0.0,hold
418,0.0,10234.924512274525,-2.9862974946769296,100.1514678860087,10237.910809769202,0.0,0.0,0.006612309261407989,10303.051474963188,1.0,1.0002917752340132,102.20382630095443,0.0,hold
419,-2.2222180702810805e-16,10267.108402428597,-2.986297494678751,100.15146788600872,10270.094699923276,1.8193532014265655e-15,3.6379788070919123e-16,0.0034885851654661293,10303.051474963188,1.0,1.0002908606179683,102.5661324360708,1.773834264990506e-14,buy
420,0.0,10280.126854164706,-2.986297494678751,100.15146788600872,10283.113151659385,0.0,0.0,0.002225032152288975,10303.051474963188,1.0,1.0002904922805957,102.65507581706977,0.0,hold
421,0.0,10265.690611935128,-2.986297494678751,100.15146788600872,10268.676909429807,0.0,0.0,0.00362619395999797,10303.051474963188,1.0,1.000290900788614,102.51096055559842,0.0,hold
422,-1.7657657237627357e-19,10299.359542384653,-2.986297494676934,100.1514678860087,10302.34583987933,1.8186256056651475e-15,3.637978807090497e-16,0.0003583338962739324,10303.051474963188,1.0,1.0002899498247817,102.84707341918369,-1.7682813377224653e-14,sell
423,0.0,10303.772586501362,-2.986297494676934,100.1514678860087,10306.758883996039,0.0,0.0,0.0,10303.772586501362,1.0,1.0002898256410073,102.89112830525792,0.0,hold
424,0.0,10295.791055726495,-2.986297494676934,100.1514678860087,10298.777353221172,0.0,0.0,0.0007746221791932184,10303.772586501362,1.0,1.0002900503204186,102.81144964814834,0.0,hold
425,0.0,10307.785611681236,-2.986297494676934,100.1514678860087,10310.771909175914,0.0,0.0,0.0,10307.785611681236,1.0,1.0002897128061428,102.93118985063043,0.0,hold
426,0.0,10341.099575517737,-2.986297494676934,100.1514678860087,10344.085873012415,0.0,0.0,0.0,10341.099575517737,1.0,1.0002887794932125,103.26375912541774,0.0,hold
427,0.0,10313.089501073076,-2.986297494676934,100.1514678860087,10316.075798567754,0.0,0.0,0.00270861664565869,10341.099575517737,1.0,1.0002895638105698,102.9841379374223,0.0,hold
428,0.0,10284.244815421,-2.986297494676934,100.1514678860087,10287.231112915677,0.0,0.0,0.005497941459855937,10341.099575517737,1.0,1.0002903759632598,102.69618492661101,0.0,hold
429,0.0,10280.162292061928,-2.986297494676934,100.1514678860087,10283.148589556606,0.0,0.0,0.005892727655391283,10341.099575517737,1.0,1.000290491279207,102.65542958931485,0.0,hold
430,0.0,10257.676040168006,-2.986297494676934,100.1514678860087,10260.662337662683,0.0,0.0,0.008067182289515418,10341.099575517737,1.0,1.000291128076475,102.43095205425632,0.0,hold
431,0.0,10249.189681852093,-2.986297494676934,100.1514678860087,10252.17597934677,0.0,0.0,0.008887825999010612,10341.099575517737,1.0,1.0002913691313533,102.3462337648159,0.0,hold
432,0.0,10258.488185013945,-2.986297494676934,100.1514678860087,10261.474482508622,0.0,0.0,0.007988646652177356,10341.099575517737,1.0,1.000291105028423,102.43905959810076,0.0,hold
433,0.0,10258.907665996598,-2.986297494676934,100.1514678860087,10261.893963491275,0.0,0.0,0.0079480822054675,10341.099575517737,1.0,1.0002910931253017,102.4432472260538,0.0,hold
434,0.0,10258.076394523714,-2.986297494676934,100.1514678860087,10261.062692018391,0.0,0.0,0.008028467416615781,10341.099575517737,1.0,1.0002911167142674,102.43494874340414,0.0,hold
435,0.0,10267.471315846515,-2.986297494676934,100.1514678860087,10270.457613341192,0.0,0.0,0.007119964287505276,10341.099575517737,1.0,1.0002908503372265,102.52873710753703,0.0,hold
436,0.0,10250.995276523823,-2.986297494676934,100.1514678860087,10253.9815740185,0.0,0.0,0.00871322225803084,10341.099575517737,1.0,1.000291317810039,102.36425879820683,0.0,hold
437,0.0,10218.417314181077,-2.986297494676934,100.1514678860087,10221.403611675754,0.0,0.0,0.011863560585675725,10341.099575517737,1.0,1.000292246578199,102.03903693738151,0.0,hold
438,0.0,10191.407744539152,-2.986297494676934,100.1514678860087,10194.39404203383,0.0,0.0,0.014475426900730781,10341.099575517737,1.0,1.000293021098707,101.76940366791477,0.0,hold
439,0.0,10182.197407547244,-2.986297494676934,100.1514678860087,10185.183705041922,0.0,0.0,0.015366080445322172,10341.099575517737,1.0,1.0002932861518148,101.67745798684906,0.0,hold
440,0.0,10188.368102551489,-2.986297494676934,100.1514678860087,10191.354400046166,0.0,0.0,0.014769364887254,10341.099575517737,1.0,1.0002931085198943,101.7390592893109,0.0,hold
441,0.0,10192.560244446608,-2.986297494676934,100.1514678860087,10195.546541941285,0.0,0.0,0.01436397841316528,10341.099575517737,1.0,1.0002929879660318,101.78090893520437,0.0,hold
442,0.0,10176.489279966841,-2.986297494676934,100.1514678860087,10179.475577461519,0.0,0.0,0.015918065032523798,10341.099575517737,1.0,1.0002934506599006,101.62047443907538,0.0,hold
443,-1.7910072160913062e-19,10158.268403837714,-2.9862974946787553,100.15146788600872,10161.254701332393,1.819353201426566e-15,3.6379788070926425e-16,0.017680051366381844,10341.099575517737,1.0,1.0002939770220631,101.47916118254402,1.7928342925045016e-14,buy
444,0.0,10151.525699872233,-2.9862974946787553,100.15146788600872,10154.511997366912,0.0,0.0,0.018332081057832128,10341.099575517737,1.0,1.000294172283356,101.37126603598941,0.0,hold
445,0.0,10176.549394005871,-2.9862974946787553,100.15146788600872,10179.53569150055,0.0,0.0,0.015912251913851927,10341.099575517737,1.0,1.000293448926454,101.62107455026188,0.0,hold
446,0.0,10188.736901855744,-2.9862974946787553,100.15146788600872,10191.723199350423,0.0,0.0,0.014733701435648894,10341.099575517737,1.0,1.0002930979103146,101.74274096819369,0.0,hold
447,0.0,10223.569913920248,-2.9862974946787553,100.15146788600872,10226.556211414927,0.0,0.0,0.011365296382575996,10341.099575517737,1.0,1.000292099288196,102.09047471785503,0.0,hold
448,0.0,10240.467451181852,-2.9862974946787553,100.15146788600872,10243.453748676531,0.0,0.0,0.009731278922613718,10341.099575517737,1.0,1.000291617302522,102.25916079016883,0.0,hold
449,0.0,10205.53441931093,-2.9862974946787553,100.15146788600872,10208.52071680561,0.0,0.0,0.0131093560425386,10341.099575517737,1.0,1.0002926154939058,101.91042855486799,0.0,hold
450,-1.7872736327050798e-19,10175.417867674889,-2.9862974946769385,100.1514678860087,10178.404165169566,1.8186256056651475e-15,3.6379788070904524e-16,0.016021672224788897,10341.099575517737,1.0,1.0002934815585476,101.60977865965144,-1.7898135687872642e-14,sell
451,0.0,10186.99451113827,-2.9862974946769385,100.1514678860087,10189.980808632947,0.0,0.0,0.014902193258471974,10341.099575517737,1.0,1.0002931480419874,101.7253468922395,0.0,hold
452,0.0,10165.746682945855,-2.9862974946769385,100.1514678860087,10168.732980440533,0.0,0.0,0.016956890443935446,10341.099575517737,1.0,1.000293760762275,101.5132323913222,0.0,hold
453,0.0,10161.372533659483,-2.9862974946769385,100.1514678860087,10164.35883115416,0.0,0.0,0.01737987730857482,10341.099575517737,1.0,1.0002938872169862,101.46956578763856,0.0,hold
454,0.0,10142.974317227638,-2.9862974946769385,100.1514678860087,10145.960614722315,0.0,0.0,0.019159012718449775,10341.099575517737,1.0,1.0002944202953965,101.28589861653433,0.0,hold
455,-1.7923667304860103e-19,10146.503919831277,-2.9862974946751217,100.15146788600869,10149.490217325952,1.8186256056651475e-15,3.6379788070925853e-16,0.018817694797868545,10341.099575517737,1.0,1.000294317877199,101.32113421275278,-1.794912403809477e-14,sell
456,0.0,10142.793380916863,-2.9862974946751217,100.15146788600869,10145.779678411538,0.0,0.0,0.01917650953389516,10341.099575517737,1.0,1.0002944255475315,101.2840923512111,0.0,hold
457,0.0,10166.579841638233,-2.9862974946751217,100.15146788600869,10169.566139132909,0.0,0.0,0.016876322735802196,10341.099575517737,1.0,1.0002937366883644,101.52154971385599,0.0,hold
458,0.0,10157.600559719036,-2.9862974946751217,100.15146788600869,10160.586857213711,0.0,0.0,0.017744632904718394,10341.099575517737,1.0,1.0002939963505277,101.43191062765675,0.0,hold
459,0.0,10156.030388450332,-2.9862974946751217,100.15146788600869,10159.016685945007,0.0,0.0,0.017896470845861656,10341.099575517737,1.0,1.0002940418037811,101.41623579764591,0.0,hold
460,0.0,10148.668428356956,-2.9862974946751217,100.15146788600869,10151.654725851631,0.0,0.0,0.018608383543308737,10341.099575517737,1.0,1.0002942551050669,101.3427422397708,0.0,hold
461,-1.7913844739138867e-19,10152.067477127024,-2.986297494673305,100.15146788600867,10155.053774621698,1.8186256056651475e-15,3.6379788070909884e-16,0.01827969037627697,10341.099575517737,1.0,1.000294156584499,101.37667453284695,-1.7939290414146465e-14,sell
462,0.0,10148.283264537675,-2.986297494673305,100.15146788600867,10151.269562032348,0.0,0.0,0.01864562946831594,10341.099575517737,1.0,1.0002942662731054,101.33889719591227,0.0,hold
463,0.0,10145.174345897796,-2.986297494673305,100.15146788600867,10148.16064339247,0.0,0.0,0.01894626661209109,10341.099575517737,1.0,1.0002943564489732,101.30786123686184,0.0,hold
464,0.0,10116.431736731442,-2.986297494673305,100.15146788600867,10119.418034226115,0.0,0.0,0.021725720475430976,10341.099575517737,1.0,1.0002951927687933,101.02092724327096,0.0,hold
465,0.0,10108.267077483473,-2.986297494673305,100.15146788600867,10111.253374978147,0.0,0.0,0.022515255397548728,10341.099575517737,1.0,1.0002954312021817,100.93942043674657,0.0,hold
466,0.0,10096.276330836225,-2.986297494673305,100.15146788600867,10099.262628330898,0.0,0.0,0.023674778769283367,10341.099575517737,1.0,1.0002957820682417,100.81971826212079,0.0,hold
467,0.0,10078.536567328925,-2.986297494673305,100.15146788600867,10081.522864823599,0.0,0.0,0.025390240783525808,10341.099575517737,1.0,1.0002963026898521,100.6426243469843,0.0,hold
468,0.0,10069.784291955766,-2.986297494673305,100.15146788600867,10072.77058945044,0.0,0.0,0.0262365990754313,10341.099575517737,1.0,1.0002965602249354,100.55525143969906,0.0,hold
469,0.0,10053.727135951249,-2.986297494673305,100.15146788600867,10056.713433445922,0.0,0.0,0.027789350394307633,10341.099575517737,1.0,1.0002970338715476,100.39495479190967,0.0,hold
470,-1.8079963400656263e-19,10058.790304847273,-2.986297494671488,100.15146788600866,10061.776602341944,1.8186256056651475e-15,3.63797880709214e-16,0.02729973428926491,10341.099575517737,1.0,1.0002968843572804,100.44549979508432,-1.8105595665064814e-14,sell
471,-1.8046099297813361e-19,10077.66595790321,-2.9862974946696714,100.15146788600865,10080.65225539788,1.8186256056651475e-15,3.637978807091938e-16,0.025474430034326256,10341.099575517737,1.0,1.0002963282874373,100.63393315830577,-1.8071693598662133e-14,sell
472,-1.809398293643059e-19,10055.017780322227,-2.9862974946714926,100.15146788600866,10058.004077816899,1.8193532014265655e-15,3.637978807091374e-16,0.027664543127773444,10341.099575517737,1.0,1.0002969957448027,100.44801030857246,1.8112386654923097e-14,buy
473,0.0,10013.72293627423,-2.9862974946714926,100.15146788600866,10016.709233768901,0.0,0.0,0.03165781712600113,10341.099575517737,1.0,1.0002982205033708,99.99559770128161,0.0,hold
474,0.0,10001.105901393836,-2.9862974946714926,100.15146788600866,10004.092198888507,0.0,0.0,0.03287790351896691,10341.099575517737,1.0,1.0002985967276135,99.86964336691504,0.0,hold
475,0.0,9996.49779142821,-2.9862974946714926,100.15146788600866,9999.484088922882,0.0,0.0,0.03332351473583739,10341.099575517737,1.0,1.0002987343724752,99.82364116204594,0.0,hold
476,0.0,10017.683578893619,-2.9862974946714926,100.15146788600866,10020.66987638829,0.0,0.0,0.031274816982692744,10341.099575517737,1.0,1.0002981025973872,100.03513631788354,0.0,hold
477,0.0,10035.741845342985,-2.9862974946714926,100.15146788600866,10038.728142837657,0.0,0.0,0.029528555251288502,10341.099575517737,1.0,1.0002975661929823,100.2154098093977,0.0,hold
